file,line,type,commit,author,date,time,timezone,datetime,depth,length
style.css,1,css,bf8f6ab6,asapmike,2026-04-09,22:21:23,-07:00,2026-04-09T22:21:23-07:00,0,4
style.css,2,css,6246db6a,asapmike,2026-04-14,22:14:23,-07:00,2026-04-14T22:14:23-07:00,2,42
style.css,3,css,bf8f6ab6,asapmike,2026-04-09,22:21:23,-07:00,2026-04-09T22:21:23-07:00,2,32
style.css,4,css,bf8f6ab6,asapmike,2026-04-09,22:21:23,-07:00,2026-04-09T22:21:23-07:00,2,23
style.css,5,css,6246db6a,asapmike,2026-04-14,22:14:23,-07:00,2026-04-14T22:14:23-07:00,2,23
style.css,6,css,bf8f6ab6,asapmike,2026-04-09,22:21:23,-07:00,2026-04-09T22:21:23-07:00,0,0
style.css,7,css,bf8f6ab6,asapmike,2026-04-09,22:21:23,-07:00,2026-04-09T22:21:23-07:00,0,0
style.css,8,css,2c0a308f,asapmike,2026-04-02,19:37:06,-07:00,2026-04-02T19:37:06-07:00,0,4
style.css,9,css,2c0a308f,asapmike,2026-04-02,19:37:06,-07:00,2026-04-02T19:37:06-07:00,2,43
style.css,10,css,2c0a308f,asapmike,2026-04-02,19:37:06,-07:00,2026-04-02T19:37:06-07:00,0,42
style.css,11,css,2c0a308f,asapmike,2026-04-02,19:37:06,-07:00,2026-04-02T19:37:06-07:00,0,0
style.css,12,css,2c0a308f,asapmike,2026-04-02,19:37:06,-07:00,2026-04-02T19:37:06-07:00,2,23
style.css,13,css,bf8f6ab6,asapmike,2026-04-09,22:21:23,-07:00,2026-04-09T22:21:23-07:00,2,15
style.css,14,css,bf8f6ab6,asapmike,2026-04-09,22:21:23,-07:00,2026-04-09T22:21:23-07:00,2,18
style.css,15,css,bf8f6ab6,asapmike,2026-04-09,22:21:23,-07:00,2026-04-09T22:21:23-07:00,2,19
style.css,16,css,bf8f6ab6,asapmike,2026-04-09,22:21:23,-07:00,2026-04-09T22:21:23-07:00,0,0
style.css,17,css,bf8f6ab6,asapmike,2026-04-09,22:21:23,-07:00,2026-04-09T22:21:23-07:00,0,0
style.css,18,css,bf8f6ab6,asapmike,2026-04-09,22:21:23,-07:00,2026-04-09T22:21:23-07:00,0,3
style.css,19,css,6246db6a,asapmike,2026-04-14,22:14:23,-07:00,2026-04-14T22:14:23-07:00,2,39
style.css,20,css,bf8f6ab6,asapmike,2026-04-09,22:21:23,-07:00,2026-04-09T22:21:23-07:00,2,12
style.css,21,css,bf8f6ab6,asapmike,2026-04-09,22:21:23,-07:00,2026-04-09T22:21:23-07:00,2,14
style.css,22,css,bf8f6ab6,asapmike,2026-04-09,22:21:23,-07:00,2026-04-09T22:21:23-07:00,2,8
style.css,23,css,bf8f6ab6,asapmike,2026-04-09,22:21:23,-07:00,2026-04-09T22:21:23-07:00,2,18
style.css,24,css,6246db6a,asapmike,2026-04-14,22:14:23,-07:00,2026-04-14T22:14:23-07:00,2,43
style.css,25,css,bf8f6ab6,asapmike,2026-04-09,22:21:23,-07:00,2026-04-09T22:21:23-07:00,0,0
style.css,26,css,bf8f6ab6,asapmike,2026-04-09,22:21:23,-07:00,2026-04-09T22:21:23-07:00,0,0
style.css,27,css,bf8f6ab6,asapmike,2026-04-09,22:21:23,-07:00,2026-04-09T22:21:23-07:00,0,5
style.css,28,css,bf8f6ab6,asapmike,2026-04-09,22:21:23,-07:00,2026-04-09T22:21:23-07:00,2,6
style.css,29,css,bf8f6ab6,asapmike,2026-04-09,22:21:23,-07:00,2026-04-09T22:21:23-07:00,2,13
style.css,30,css,bf8f6ab6,asapmike,2026-04-09,22:21:23,-07:00,2026-04-09T22:21:23-07:00,2,20
style.css,31,css,bf8f6ab6,asapmike,2026-04-09,22:21:23,-07:00,2026-04-09T22:21:23-07:00,2,13
style.css,32,css,bf8f6ab6,asapmike,2026-04-09,22:21:23,-07:00,2026-04-09T22:21:23-07:00,2,17
style.css,33,css,bf8f6ab6,asapmike,2026-04-09,22:21:23,-07:00,2026-04-09T22:21:23-07:00,0,0
style.css,34,css,bf8f6ab6,asapmike,2026-04-09,22:21:23,-07:00,2026-04-09T22:21:23-07:00,0,0
style.css,35,css,bf8f6ab6,asapmike,2026-04-09,22:21:23,-07:00,2026-04-09T22:21:23-07:00,0,5
style.css,36,css,bf8f6ab6,asapmike,2026-04-09,22:21:23,-07:00,2026-04-09T22:21:23-07:00,0,6
style.css,37,css,bf8f6ab6,asapmike,2026-04-09,22:21:23,-07:00,2026-04-09T22:21:23-07:00,2,16
style.css,38,css,bf8f6ab6,asapmike,2026-04-09,22:21:23,-07:00,2026-04-09T22:21:23-07:00,0,0
style.css,39,css,bf8f6ab6,asapmike,2026-04-09,22:21:23,-07:00,2026-04-09T22:21:23-07:00,0,0
style.css,40,css,bf8f6ab6,asapmike,2026-04-09,22:21:23,-07:00,2026-04-09T22:21:23-07:00,0,13
style.css,41,css,bf8f6ab6,asapmike,2026-04-09,22:21:23,-07:00,2026-04-09T22:21:23-07:00,2,15
style.css,42,css,6246db6a,asapmike,2026-04-14,22:14:23,-07:00,2026-04-14T22:14:23-07:00,2,45
style.css,43,css,bf8f6ab6,asapmike,2026-04-09,22:21:23,-07:00,2026-04-09T22:21:23-07:00,2,20
style.css,44,css,bf8f6ab6,asapmike,2026-04-09,22:21:23,-07:00,2026-04-09T22:21:23-07:00,0,0
style.css,45,css,bf8f6ab6,asapmike,2026-04-09,22:21:23,-07:00,2026-04-09T22:21:23-07:00,0,0
style.css,46,css,bf8f6ab6,asapmike,2026-04-09,22:21:23,-07:00,2026-04-09T22:21:23-07:00,0,11
style.css,47,css,bf8f6ab6,asapmike,2026-04-09,22:21:23,-07:00,2026-04-09T22:21:23-07:00,2,45
style.css,48,css,bf8f6ab6,asapmike,2026-04-09,22:21:23,-07:00,2026-04-09T22:21:23-07:00,2,20
style.css,49,css,6246db6a,asapmike,2026-04-14,22:14:23,-07:00,2026-04-14T22:14:23-07:00,2,69
style.css,50,css,6246db6a,asapmike,2026-04-14,22:14:23,-07:00,2026-04-14T22:14:23-07:00,0,0
style.css,51,css,6246db6a,asapmike,2026-04-14,22:14:23,-07:00,2026-04-14T22:14:23-07:00,0,0
style.css,52,css,6246db6a,asapmike,2026-04-14,22:14:23,-07:00,2026-04-14T22:14:23-07:00,0,13
style.css,53,css,32d92d3c,asapmike,2026-04-22,20:48:27,-07:00,2026-04-22T20:48:27-07:00,2,16
style.css,54,css,32d92d3c,asapmike,2026-04-22,20:48:27,-07:00,2026-04-22T20:48:27-07:00,2,19
style.css,55,css,32d92d3c,asapmike,2026-04-22,20:48:27,-07:00,2026-04-22T20:48:27-07:00,2,18
style.css,56,css,32d92d3c,asapmike,2026-04-22,20:48:27,-07:00,2026-04-22T20:48:27-07:00,2,10
style.css,57,css,6246db6a,asapmike,2026-04-14,22:14:23,-07:00,2026-04-14T22:14:23-07:00,2,13
style.css,58,css,6246db6a,asapmike,2026-04-14,22:14:23,-07:00,2026-04-14T22:14:23-07:00,2,9
style.css,59,css,bf8f6ab6,asapmike,2026-04-09,22:21:23,-07:00,2026-04-09T22:21:23-07:00,0,0
style.css,60,css,bf8f6ab6,asapmike,2026-04-09,22:21:23,-07:00,2026-04-09T22:21:23-07:00,0,0
style.css,61,css,bf8f6ab6,asapmike,2026-04-09,22:21:23,-07:00,2026-04-09T22:21:23-07:00,0,4
style.css,62,css,bf8f6ab6,asapmike,2026-04-09,22:21:23,-07:00,2026-04-09T22:21:23-07:00,0,7
style.css,63,css,6246db6a,asapmike,2026-04-14,22:14:23,-07:00,2026-04-14T22:14:23-07:00,0,5
style.css,64,css,6246db6a,asapmike,2026-04-14,22:14:23,-07:00,2026-04-14T22:14:23-07:00,0,6
style.css,65,css,bf8f6ab6,asapmike,2026-04-09,22:21:23,-07:00,2026-04-09T22:21:23-07:00,2,12
style.css,66,css,bf8f6ab6,asapmike,2026-04-09,22:21:23,-07:00,2026-04-09T22:21:23-07:00,2,21
style.css,67,css,bf8f6ab6,asapmike,2026-04-09,22:21:23,-07:00,2026-04-09T22:21:23-07:00,0,0
style.css,68,css,bf8f6ab6,asapmike,2026-04-09,22:21:23,-07:00,2026-04-09T22:21:23-07:00,0,0
style.css,69,css,bf8f6ab6,asapmike,2026-04-09,22:21:23,-07:00,2026-04-09T22:21:23-07:00,0,4
style.css,70,css,bf8f6ab6,asapmike,2026-04-09,22:21:23,-07:00,2026-04-09T22:21:23-07:00,2,12
style.css,71,css,bf8f6ab6,asapmike,2026-04-09,22:21:23,-07:00,2026-04-09T22:21:23-07:00,2,30
style.css,72,css,bf8f6ab6,asapmike,2026-04-09,22:21:23,-07:00,2026-04-09T22:21:23-07:00,2,7
style.css,73,css,bf8f6ab6,asapmike,2026-04-09,22:21:23,-07:00,2026-04-09T22:21:23-07:00,0,0
style.css,74,css,bf8f6ab6,asapmike,2026-04-09,22:21:23,-07:00,2026-04-09T22:21:23-07:00,0,0
style.css,75,css,bf8f6ab6,asapmike,2026-04-09,22:21:23,-07:00,2026-04-09T22:21:23-07:00,0,5
style.css,76,css,bf8f6ab6,asapmike,2026-04-09,22:21:23,-07:00,2026-04-09T22:21:23-07:00,2,12
style.css,77,css,bf8f6ab6,asapmike,2026-04-09,22:21:23,-07:00,2026-04-09T22:21:23-07:00,2,29
style.css,78,css,bf8f6ab6,asapmike,2026-04-09,22:21:23,-07:00,2026-04-09T22:21:23-07:00,2,18
style.css,79,css,bf8f6ab6,asapmike,2026-04-09,22:21:23,-07:00,2026-04-09T22:21:23-07:00,0,0
style.css,80,css,bf8f6ab6,asapmike,2026-04-09,22:21:23,-07:00,2026-04-09T22:21:23-07:00,0,0
style.css,81,css,bf8f6ab6,asapmike,2026-04-09,22:21:23,-07:00,2026-04-09T22:21:23-07:00,0,6
style.css,82,css,bf8f6ab6,asapmike,2026-04-09,22:21:23,-07:00,2026-04-09T22:21:23-07:00,2,18
style.css,83,css,bf8f6ab6,asapmike,2026-04-09,22:21:23,-07:00,2026-04-09T22:21:23-07:00,0,0
style.css,84,css,bf8f6ab6,asapmike,2026-04-09,22:21:23,-07:00,2026-04-09T22:21:23-07:00,0,0
style.css,85,css,bf8f6ab6,asapmike,2026-04-09,22:21:23,-07:00,2026-04-09T22:21:23-07:00,0,25
style.css,86,css,6246db6a,asapmike,2026-04-14,22:14:23,-07:00,2026-04-14T22:14:23-07:00,2,60
style.css,87,css,bf8f6ab6,asapmike,2026-04-09,22:21:23,-07:00,2026-04-09T22:21:23-07:00,2,21
style.css,88,css,bf8f6ab6,asapmike,2026-04-09,22:21:23,-07:00,2026-04-09T22:21:23-07:00,2,20
style.css,89,css,6246db6a,asapmike,2026-04-14,22:14:23,-07:00,2026-04-14T22:14:23-07:00,2,23
style.css,90,css,6246db6a,asapmike,2026-04-14,22:14:23,-07:00,2026-04-14T22:14:23-07:00,2,16
style.css,91,css,bf8f6ab6,asapmike,2026-04-09,22:21:23,-07:00,2026-04-09T22:21:23-07:00,2,86
style.css,92,css,bf8f6ab6,asapmike,2026-04-09,22:21:23,-07:00,2026-04-09T22:21:23-07:00,0,0
style.css,93,css,bf8f6ab6,asapmike,2026-04-09,22:21:23,-07:00,2026-04-09T22:21:23-07:00,0,0
style.css,94,css,bf8f6ab6,asapmike,2026-04-09,22:21:23,-07:00,2026-04-09T22:21:23-07:00,0,31
style.css,95,css,bf8f6ab6,asapmike,2026-04-09,22:21:23,-07:00,2026-04-09T22:21:23-07:00,2,12
style.css,96,css,bf8f6ab6,asapmike,2026-04-09,22:21:23,-07:00,2026-04-09T22:21:23-07:00,2,32
style.css,97,css,bf8f6ab6,asapmike,2026-04-09,22:21:23,-07:00,2026-04-09T22:21:23-07:00,2,69
style.css,98,css,6246db6a,asapmike,2026-04-14,22:14:23,-07:00,2026-04-14T22:14:23-07:00,2,69
style.css,99,css,bf8f6ab6,asapmike,2026-04-09,22:21:23,-07:00,2026-04-09T22:21:23-07:00,0,0
style.css,100,css,bf8f6ab6,asapmike,2026-04-09,22:21:23,-07:00,2026-04-09T22:21:23-07:00,0,0
style.css,101,css,bf8f6ab6,asapmike,2026-04-09,22:21:23,-07:00,2026-04-09T22:21:23-07:00,0,13
style.css,102,css,bf8f6ab6,asapmike,2026-04-09,22:21:23,-07:00,2026-04-09T22:21:23-07:00,2,15
style.css,103,css,bf8f6ab6,asapmike,2026-04-09,22:21:23,-07:00,2026-04-09T22:21:23-07:00,2,14
style.css,104,css,bf8f6ab6,asapmike,2026-04-09,22:21:23,-07:00,2026-04-09T22:21:23-07:00,0,0
style.css,105,css,bf8f6ab6,asapmike,2026-04-09,22:21:23,-07:00,2026-04-09T22:21:23-07:00,0,0
style.css,106,css,bf8f6ab6,asapmike,2026-04-09,22:21:23,-07:00,2026-04-09T22:21:23-07:00,0,11
style.css,107,css,bf8f6ab6,asapmike,2026-04-09,22:21:23,-07:00,2026-04-09T22:21:23-07:00,2,16
style.css,108,css,bf8f6ab6,asapmike,2026-04-09,22:21:23,-07:00,2026-04-09T22:21:23-07:00,2,10
style.css,109,css,bf8f6ab6,asapmike,2026-04-09,22:21:23,-07:00,2026-04-09T22:21:23-07:00,2,58
style.css,110,css,bf8f6ab6,asapmike,2026-04-09,22:21:23,-07:00,2026-04-09T22:21:23-07:00,2,21
style.css,111,css,bf8f6ab6,asapmike,2026-04-09,22:21:23,-07:00,2026-04-09T22:21:23-07:00,2,18
style.css,112,css,bf8f6ab6,asapmike,2026-04-09,22:21:23,-07:00,2026-04-09T22:21:23-07:00,2,36
style.css,113,css,bf8f6ab6,asapmike,2026-04-09,22:21:23,-07:00,2026-04-09T22:21:23-07:00,2,20
style.css,114,css,bf8f6ab6,asapmike,2026-04-09,22:21:23,-07:00,2026-04-09T22:21:23-07:00,2,15
style.css,115,css,bf8f6ab6,asapmike,2026-04-09,22:21:23,-07:00,2026-04-09T22:21:23-07:00,2,14
style.css,116,css,bf8f6ab6,asapmike,2026-04-09,22:21:23,-07:00,2026-04-09T22:21:23-07:00,2,73
style.css,117,css,bf8f6ab6,asapmike,2026-04-09,22:21:23,-07:00,2026-04-09T22:21:23-07:00,0,0
style.css,118,css,bf8f6ab6,asapmike,2026-04-09,22:21:23,-07:00,2026-04-09T22:21:23-07:00,0,0
style.css,119,css,bf8f6ab6,asapmike,2026-04-09,22:21:23,-07:00,2026-04-09T22:21:23-07:00,0,17
style.css,120,css,bf8f6ab6,asapmike,2026-04-09,22:21:23,-07:00,2026-04-09T22:21:23-07:00,2,23
style.css,121,css,bf8f6ab6,asapmike,2026-04-09,22:21:23,-07:00,2026-04-09T22:21:23-07:00,2,70
style.css,122,css,bf8f6ab6,asapmike,2026-04-09,22:21:23,-07:00,2026-04-09T22:21:23-07:00,0,0
style.css,123,css,bf8f6ab6,asapmike,2026-04-09,22:21:23,-07:00,2026-04-09T22:21:23-07:00,0,0
style.css,124,css,bf8f6ab6,asapmike,2026-04-09,22:21:23,-07:00,2026-04-09T22:21:23-07:00,0,18
style.css,125,css,bf8f6ab6,asapmike,2026-04-09,22:21:23,-07:00,2026-04-09T22:21:23-07:00,2,25
style.css,126,css,bf8f6ab6,asapmike,2026-04-09,22:21:23,-07:00,2026-04-09T22:21:23-07:00,0,0
style.css,127,css,bf8f6ab6,asapmike,2026-04-09,22:21:23,-07:00,2026-04-09T22:21:23-07:00,0,0
style.css,128,css,bf8f6ab6,asapmike,2026-04-09,22:21:23,-07:00,2026-04-09T22:21:23-07:00,0,9
style.css,129,css,bf8f6ab6,asapmike,2026-04-09,22:21:23,-07:00,2026-04-09T22:21:23-07:00,2,12
style.css,130,css,bf8f6ab6,asapmike,2026-04-09,22:21:23,-07:00,2026-04-09T22:21:23-07:00,2,58
style.css,131,css,bf8f6ab6,asapmike,2026-04-09,22:21:23,-07:00,2026-04-09T22:21:23-07:00,2,7
style.css,132,css,bf8f6ab6,asapmike,2026-04-09,22:21:23,-07:00,2026-04-09T22:21:23-07:00,0,0
style.css,133,css,bf8f6ab6,asapmike,2026-04-09,22:21:23,-07:00,2026-04-09T22:21:23-07:00,0,0
style.css,134,css,2e5b38f2,asapmike,2026-05-01,16:40:34,-07:00,2026-05-01T16:40:34-07:00,0,13
style.css,135,css,2e5b38f2,asapmike,2026-05-01,16:40:34,-07:00,2026-05-01T16:40:34-07:00,2,12
style.css,136,css,2e5b38f2,asapmike,2026-05-01,16:40:34,-07:00,2026-05-01T16:40:34-07:00,2,18
style.css,137,css,2e5b38f2,asapmike,2026-05-01,16:40:34,-07:00,2026-05-01T16:40:34-07:00,2,8
style.css,138,css,2e5b38f2,asapmike,2026-05-01,16:40:34,-07:00,2026-05-01T16:40:34-07:00,2,16
style.css,139,css,2e5b38f2,asapmike,2026-05-01,16:40:34,-07:00,2026-05-01T16:40:34-07:00,2,14
style.css,140,css,2e5b38f2,asapmike,2026-05-01,16:40:34,-07:00,2026-05-01T16:40:34-07:00,0,0
style.css,141,css,2e5b38f2,asapmike,2026-05-01,16:40:34,-07:00,2026-05-01T16:40:34-07:00,0,0
style.css,142,css,2e5b38f2,asapmike,2026-05-01,16:40:34,-07:00,2026-05-01T16:40:34-07:00,0,18
style.css,143,css,2e5b38f2,asapmike,2026-05-01,16:40:34,-07:00,2026-05-01T16:40:34-07:00,2,14
style.css,144,css,2e5b38f2,asapmike,2026-05-01,16:40:34,-07:00,2026-05-01T16:40:34-07:00,2,24
style.css,145,css,2e5b38f2,asapmike,2026-05-01,16:40:34,-07:00,2026-05-01T16:40:34-07:00,2,16
style.css,146,css,2e5b38f2,asapmike,2026-05-01,16:40:34,-07:00,2026-05-01T16:40:34-07:00,0,0
style.css,147,css,2e5b38f2,asapmike,2026-05-01,16:40:34,-07:00,2026-05-01T16:40:34-07:00,0,0
style.css,148,css,2e5b38f2,asapmike,2026-05-01,16:40:34,-07:00,2026-05-01T16:40:34-07:00,0,23
style.css,149,css,2e5b38f2,asapmike,2026-05-01,16:40:34,-07:00,2026-05-01T16:40:34-07:00,2,14
style.css,150,css,2e5b38f2,asapmike,2026-05-01,16:40:34,-07:00,2026-05-01T16:40:34-07:00,2,16
style.css,151,css,2e5b38f2,asapmike,2026-05-01,16:40:34,-07:00,2026-05-01T16:40:34-07:00,0,0
style.css,152,css,2e5b38f2,asapmike,2026-05-01,16:40:34,-07:00,2026-05-01T16:40:34-07:00,0,0
style.css,153,css,2e5b38f2,asapmike,2026-05-01,16:40:34,-07:00,2026-05-01T16:40:34-07:00,0,51
style.css,154,css,2e5b38f2,asapmike,2026-05-01,16:40:34,-07:00,2026-05-01T16:40:34-07:00,2,11
style.css,155,css,2e5b38f2,asapmike,2026-05-01,16:40:34,-07:00,2026-05-01T16:40:34-07:00,0,0
style.css,156,css,2e5b38f2,asapmike,2026-05-01,16:40:34,-07:00,2026-05-01T16:40:34-07:00,0,0
style.css,157,css,2e5b38f2,asapmike,2026-05-01,16:40:34,-07:00,2026-05-01T16:40:34-07:00,0,9
style.css,158,css,2e5b38f2,asapmike,2026-05-01,16:40:34,-07:00,2026-05-01T16:40:34-07:00,2,26
style.css,159,css,2e5b38f2,asapmike,2026-05-01,16:40:34,-07:00,2026-05-01T16:40:34-07:00,0,0
style.css,160,css,2e5b38f2,asapmike,2026-05-01,16:40:34,-07:00,2026-05-01T16:40:34-07:00,0,0
style.css,161,css,2e5b38f2,asapmike,2026-05-01,16:40:34,-07:00,2026-05-01T16:40:34-07:00,0,32
style.css,162,css,2e5b38f2,asapmike,2026-05-01,16:40:34,-07:00,2026-05-01T16:40:34-07:00,2,17
style.css,163,css,2e5b38f2,asapmike,2026-05-01,16:40:34,-07:00,2026-05-01T16:40:34-07:00,2,9
style.css,164,css,2e5b38f2,asapmike,2026-05-01,16:40:34,-07:00,2026-05-01T16:40:34-07:00,0,0
style.css,165,css,2e5b38f2,asapmike,2026-05-01,16:40:34,-07:00,2026-05-01T16:40:34-07:00,0,0
style.css,166,css,2e5b38f2,asapmike,2026-05-01,16:40:34,-07:00,2026-05-01T16:40:34-07:00,0,7
style.css,167,css,2e5b38f2,asapmike,2026-05-01,16:40:34,-07:00,2026-05-01T16:40:34-07:00,2,6
style.css,168,css,2e5b38f2,asapmike,2026-05-01,16:40:34,-07:00,2026-05-01T16:40:34-07:00,2,12
style.css,169,css,2e5b38f2,asapmike,2026-05-01,16:40:34,-07:00,2026-05-01T16:40:34-07:00,2,57
style.css,170,css,2e5b38f2,asapmike,2026-05-01,16:40:34,-07:00,2026-05-01T16:40:34-07:00,2,16
style.css,171,css,2e5b38f2,asapmike,2026-05-01,16:40:34,-07:00,2026-05-01T16:40:34-07:00,2,8
style.css,172,css,2e5b38f2,asapmike,2026-05-01,16:40:34,-07:00,2026-05-01T16:40:34-07:00,2,12
style.css,173,css,2e5b38f2,asapmike,2026-05-01,16:40:34,-07:00,2026-05-01T16:40:34-07:00,2,60
style.css,174,css,2e5b38f2,asapmike,2026-05-01,16:40:34,-07:00,2026-05-01T16:40:34-07:00,2,21
style.css,175,css,2e5b38f2,asapmike,2026-05-01,16:40:34,-07:00,2026-05-01T16:40:34-07:00,2,62
style.css,176,css,2e5b38f2,asapmike,2026-05-01,16:40:34,-07:00,2026-05-01T16:40:34-07:00,2,15
style.css,177,css,2e5b38f2,asapmike,2026-05-01,16:40:34,-07:00,2026-05-01T16:40:34-07:00,0,0
style.css,178,css,2e5b38f2,asapmike,2026-05-01,16:40:34,-07:00,2026-05-01T16:40:34-07:00,0,0
style.css,179,css,2e5b38f2,asapmike,2026-05-01,16:40:34,-07:00,2026-05-01T16:40:34-07:00,0,12
style.css,180,css,2e5b38f2,asapmike,2026-05-01,16:40:34,-07:00,2026-05-01T16:40:34-07:00,2,12
style.css,181,css,2e5b38f2,asapmike,2026-05-01,16:40:34,-07:00,2026-05-01T16:40:34-07:00,2,18
style.css,182,css,2e5b38f2,asapmike,2026-05-01,16:40:34,-07:00,2026-05-01T16:40:34-07:00,2,10
style.css,183,css,2e5b38f2,asapmike,2026-05-01,16:40:34,-07:00,2026-05-01T16:40:34-07:00,0,0
style.css,184,css,2e5b38f2,asapmike,2026-05-01,16:40:34,-07:00,2026-05-01T16:40:34-07:00,0,0
style.css,185,css,2e5b38f2,asapmike,2026-05-01,16:40:34,-07:00,2026-05-01T16:40:34-07:00,0,21
style.css,186,css,2e5b38f2,asapmike,2026-05-01,16:40:34,-07:00,2026-05-01T16:40:34-07:00,2,56
style.css,187,css,2e5b38f2,asapmike,2026-05-01,16:40:34,-07:00,2026-05-01T16:40:34-07:00,2,55
style.css,188,css,2e5b38f2,asapmike,2026-05-01,16:40:34,-07:00,2026-05-01T16:40:34-07:00,2,20
style.css,189,css,2e5b38f2,asapmike,2026-05-01,16:40:34,-07:00,2026-05-01T16:40:34-07:00,2,22
style.css,190,css,2e5b38f2,asapmike,2026-05-01,16:40:34,-07:00,2026-05-01T16:40:34-07:00,0,0
style.css,191,css,2e5b38f2,asapmike,2026-05-01,16:40:34,-07:00,2026-05-01T16:40:34-07:00,0,0
style.css,192,css,2e5b38f2,asapmike,2026-05-01,16:40:34,-07:00,2026-05-01T16:40:34-07:00,0,7
style.css,193,css,2e5b38f2,asapmike,2026-05-01,16:40:34,-07:00,2026-05-01T16:40:34-07:00,2,9
style.css,194,css,2e5b38f2,asapmike,2026-05-01,16:40:34,-07:00,2026-05-01T16:40:34-07:00,2,18
style.css,195,css,2e5b38f2,asapmike,2026-05-01,16:40:34,-07:00,2026-05-01T16:40:34-07:00,2,20
style.css,196,css,2e5b38f2,asapmike,2026-05-01,16:40:34,-07:00,2026-05-01T16:40:34-07:00,2,29
style.css,197,css,2e5b38f2,asapmike,2026-05-01,16:40:34,-07:00,2026-05-01T16:40:34-07:00,2,21
style.css,198,css,2e5b38f2,asapmike,2026-05-01,16:40:34,-07:00,2026-05-01T16:40:34-07:00,2,13
style.css,199,css,2e5b38f2,asapmike,2026-05-01,16:40:34,-07:00,2026-05-01T16:40:34-07:00,0,0
style.css,200,css,2e5b38f2,asapmike,2026-05-01,16:40:34,-07:00,2026-05-01T16:40:34-07:00,0,0
style.css,201,css,2e5b38f2,asapmike,2026-05-01,16:40:34,-07:00,2026-05-01T16:40:34-07:00,0,10
style.css,202,css,2e5b38f2,asapmike,2026-05-01,16:40:34,-07:00,2026-05-01T16:40:34-07:00,2,10
style.css,203,css,2e5b38f2,asapmike,2026-05-01,16:40:34,-07:00,2026-05-01T16:40:34-07:00,2,17
style.css,204,css,2e5b38f2,asapmike,2026-05-01,16:40:34,-07:00,2026-05-01T16:40:34-07:00,0,0
style.css,205,css,2e5b38f2,asapmike,2026-05-01,16:40:34,-07:00,2026-05-01T16:40:34-07:00,0,0
style.css,206,css,bf8f6ab6,asapmike,2026-04-09,22:21:23,-07:00,2026-04-09T22:21:23-07:00,0,17
style.css,207,css,bf8f6ab6,asapmike,2026-04-09,22:21:23,-07:00,2026-04-09T22:21:23-07:00,2,12
style.css,208,css,bf8f6ab6,asapmike,2026-04-09,22:21:23,-07:00,2026-04-09T22:21:23-07:00,2,26
style.css,209,css,bf8f6ab6,asapmike,2026-04-09,22:21:23,-07:00,2026-04-09T22:21:23-07:00,2,15
style.css,210,css,bf8f6ab6,asapmike,2026-04-09,22:21:23,-07:00,2026-04-09T22:21:23-07:00,2,11
style.css,211,css,bf8f6ab6,asapmike,2026-04-09,22:21:23,-07:00,2026-04-09T22:21:23-07:00,2,12
style.css,212,css,6246db6a,asapmike,2026-04-14,22:14:23,-07:00,2026-04-14T22:14:23-07:00,2,60
style.css,213,css,bf8f6ab6,asapmike,2026-04-09,22:21:23,-07:00,2026-04-09T22:21:23-07:00,2,21
style.css,214,css,6246db6a,asapmike,2026-04-14,22:14:23,-07:00,2026-04-14T22:14:23-07:00,2,63
style.css,215,css,bf8f6ab6,asapmike,2026-04-09,22:21:23,-07:00,2026-04-09T22:21:23-07:00,2,42
style.css,216,css,bf8f6ab6,asapmike,2026-04-09,22:21:23,-07:00,2026-04-09T22:21:23-07:00,2,54
style.css,217,css,bf8f6ab6,asapmike,2026-04-09,22:21:23,-07:00,2026-04-09T22:21:23-07:00,0,0
style.css,218,css,bf8f6ab6,asapmike,2026-04-09,22:21:23,-07:00,2026-04-09T22:21:23-07:00,0,0
style.css,219,css,bf8f6ab6,asapmike,2026-04-09,22:21:23,-07:00,2026-04-09T22:21:23-07:00,0,12
style.css,220,css,bf8f6ab6,asapmike,2026-04-09,22:21:23,-07:00,2026-04-09T22:21:23-07:00,2,8
style.css,221,css,bf8f6ab6,asapmike,2026-04-09,22:21:23,-07:00,2026-04-09T22:21:23-07:00,2,16
style.css,222,css,bf8f6ab6,asapmike,2026-04-09,22:21:23,-07:00,2026-04-09T22:21:23-07:00,0,0
style.css,223,css,bf8f6ab6,asapmike,2026-04-09,22:21:23,-07:00,2026-04-09T22:21:23-07:00,0,0
style.css,224,css,bf8f6ab6,asapmike,2026-04-09,22:21:23,-07:00,2026-04-09T22:21:23-07:00,0,11
style.css,225,css,bf8f6ab6,asapmike,2026-04-09,22:21:23,-07:00,2026-04-09T22:21:23-07:00,2,8
style.css,226,css,bf8f6ab6,asapmike,2026-04-09,22:21:23,-07:00,2026-04-09T22:21:23-07:00,0,0
style.css,227,css,bf8f6ab6,asapmike,2026-04-09,22:21:23,-07:00,2026-04-09T22:21:23-07:00,0,0
style.css,228,css,2e5b38f2,asapmike,2026-05-01,16:40:34,-07:00,2026-05-01T16:40:34-07:00,0,16
style.css,229,css,2e5b38f2,asapmike,2026-05-01,16:40:34,-07:00,2026-05-01T16:40:34-07:00,2,12
style.css,230,css,2e5b38f2,asapmike,2026-05-01,16:40:34,-07:00,2026-05-01T16:40:34-07:00,2,11
style.css,231,css,2e5b38f2,asapmike,2026-05-01,16:40:34,-07:00,2026-05-01T16:40:34-07:00,0,0
style.css,232,css,2e5b38f2,asapmike,2026-05-01,16:40:34,-07:00,2026-05-01T16:40:34-07:00,0,0
style.css,233,css,2e5b38f2,asapmike,2026-05-01,16:40:34,-07:00,2026-05-01T16:40:34-07:00,0,13
style.css,234,css,2e5b38f2,asapmike,2026-05-01,16:40:34,-07:00,2026-05-01T16:40:34-07:00,2,49
style.css,235,css,2e5b38f2,asapmike,2026-05-01,16:40:34,-07:00,2026-05-01T16:40:34-07:00,2,34
style.css,236,css,2e5b38f2,asapmike,2026-05-01,16:40:34,-07:00,2026-05-01T16:40:34-07:00,2,49
style.css,237,css,2e5b38f2,asapmike,2026-05-01,16:40:34,-07:00,2026-05-01T16:40:34-07:00,0,0
style.css,238,css,2e5b38f2,asapmike,2026-05-01,16:40:34,-07:00,2026-05-01T16:40:34-07:00,0,0
style.css,239,css,bf8f6ab6,asapmike,2026-04-09,22:21:23,-07:00,2026-04-09T22:21:23-07:00,0,13
style.css,240,css,bf8f6ab6,asapmike,2026-04-09,22:21:23,-07:00,2026-04-09T22:21:23-07:00,2,10
style.css,241,css,bf8f6ab6,asapmike,2026-04-09,22:21:23,-07:00,2026-04-09T22:21:23-07:00,2,19
style.css,242,css,bf8f6ab6,asapmike,2026-04-09,22:21:23,-07:00,2026-04-09T22:21:23-07:00,2,16
style.css,243,css,bf8f6ab6,asapmike,2026-04-09,22:21:23,-07:00,2026-04-09T22:21:23-07:00,2,21
style.css,244,css,6246db6a,asapmike,2026-04-14,22:14:23,-07:00,2026-04-14T22:14:23-07:00,2,63
style.css,245,css,bf8f6ab6,asapmike,2026-04-09,22:21:23,-07:00,2026-04-09T22:21:23-07:00,0,0
style.css,246,css,bf8f6ab6,asapmike,2026-04-09,22:21:23,-07:00,2026-04-09T22:21:23-07:00,0,0
style.css,247,css,bf8f6ab6,asapmike,2026-04-09,22:21:23,-07:00,2026-04-09T22:21:23-07:00,0,23
style.css,248,css,bf8f6ab6,asapmike,2026-04-09,22:21:23,-07:00,2026-04-09T22:21:23-07:00,2,26
style.css,249,css,bf8f6ab6,asapmike,2026-04-09,22:21:23,-07:00,2026-04-09T22:21:23-07:00,2,43
style.css,250,css,bf8f6ab6,asapmike,2026-04-09,22:21:23,-07:00,2026-04-09T22:21:23-07:00,0,0
style.css,251,css,bf8f6ab6,asapmike,2026-04-09,22:21:23,-07:00,2026-04-09T22:21:23-07:00,0,0
style.css,252,css,d0a79374,asapmike,2026-04-27,22:18:24,-07:00,2026-04-27T22:18:24-07:00,0,30
style.css,253,css,d0a79374,asapmike,2026-04-27,22:18:24,-07:00,2026-04-27T22:18:24-07:00,2,14
style.css,254,css,d0a79374,asapmike,2026-04-27,22:18:24,-07:00,2026-04-27T22:18:24-07:00,0,0
style.css,255,css,d0a79374,asapmike,2026-04-27,22:18:24,-07:00,2026-04-27T22:18:24-07:00,0,0
style.css,256,css,d0a79374,asapmike,2026-04-27,22:18:24,-07:00,2026-04-27T22:18:24-07:00,0,44
style.css,257,css,d0a79374,asapmike,2026-04-27,22:18:24,-07:00,2026-04-27T22:18:24-07:00,2,37
style.css,258,css,d0a79374,asapmike,2026-04-27,22:18:24,-07:00,2026-04-27T22:18:24-07:00,2,18
style.css,259,css,d0a79374,asapmike,2026-04-27,22:18:24,-07:00,2026-04-27T22:18:24-07:00,0,0
style.css,260,css,d0a79374,asapmike,2026-04-27,22:18:24,-07:00,2026-04-27T22:18:24-07:00,0,0
style.css,261,css,27eec6a1,asapmike,2026-04-21,21:19:39,-07:00,2026-04-21T21:19:39-07:00,0,17
style.css,262,css,27eec6a1,asapmike,2026-04-21,21:19:39,-07:00,2026-04-21T21:19:39-07:00,2,12
style.css,263,css,27eec6a1,asapmike,2026-04-21,21:19:39,-07:00,2026-04-21T21:19:39-07:00,2,36
style.css,264,css,27eec6a1,asapmike,2026-04-21,21:19:39,-07:00,2026-04-21T21:19:39-07:00,2,19
style.css,265,css,27eec6a1,asapmike,2026-04-21,21:19:39,-07:00,2026-04-21T21:19:39-07:00,2,8
style.css,266,css,27eec6a1,asapmike,2026-04-21,21:19:39,-07:00,2026-04-21T21:19:39-07:00,0,0
style.css,267,css,27eec6a1,asapmike,2026-04-21,21:19:39,-07:00,2026-04-21T21:19:39-07:00,0,0
style.css,268,css,27eec6a1,asapmike,2026-04-21,21:19:39,-07:00,2026-04-21T21:19:39-07:00,0,17
style.css,269,css,27eec6a1,asapmike,2026-04-21,21:19:39,-07:00,2026-04-21T21:19:39-07:00,2,10
style.css,270,css,27eec6a1,asapmike,2026-04-21,21:19:39,-07:00,2026-04-21T21:19:39-07:00,2,15
style.css,271,css,27eec6a1,asapmike,2026-04-21,21:19:39,-07:00,2026-04-21T21:19:39-07:00,0,0
style.css,272,css,27eec6a1,asapmike,2026-04-21,21:19:39,-07:00,2026-04-21T21:19:39-07:00,0,0
style.css,273,css,27eec6a1,asapmike,2026-04-21,21:19:39,-07:00,2026-04-21T21:19:39-07:00,0,17
style.css,274,css,27eec6a1,asapmike,2026-04-21,21:19:39,-07:00,2026-04-21T21:19:39-07:00,2,10
style.css,275,css,27eec6a1,asapmike,2026-04-21,21:19:39,-07:00,2026-04-21T21:19:39-07:00,2,8
style.css,276,css,27eec6a1,asapmike,2026-04-21,21:19:39,-07:00,2026-04-21T21:19:39-07:00,0,0
style.css,277,css,27eec6a1,asapmike,2026-04-21,21:19:39,-07:00,2026-04-21T21:19:39-07:00,0,0
style.css,278,css,bf8f6ab6,asapmike,2026-04-09,22:21:23,-07:00,2026-04-09T22:21:23-07:00,0,1
style.css,279,css,bf8f6ab6,asapmike,2026-04-09,22:21:23,-07:00,2026-04-09T22:21:23-07:00,0,1
style.css,280,css,bf8f6ab6,asapmike,2026-04-09,22:21:23,-07:00,2026-04-09T22:21:23-07:00,0,1
style.css,281,css,bf8f6ab6,asapmike,2026-04-09,22:21:23,-07:00,2026-04-09T22:21:23-07:00,0,1
style.css,282,css,bf8f6ab6,asapmike,2026-04-09,22:21:23,-07:00,2026-04-09T22:21:23-07:00,0,1
style.css,283,css,bf8f6ab6,asapmike,2026-04-09,22:21:23,-07:00,2026-04-09T22:21:23-07:00,0,2
style.css,284,css,bf8f6ab6,asapmike,2026-04-09,22:21:23,-07:00,2026-04-09T22:21:23-07:00,2,15
style.css,285,css,bf8f6ab6,asapmike,2026-04-09,22:21:23,-07:00,2026-04-09T22:21:23-07:00,2,17
style.css,286,css,bf8f6ab6,asapmike,2026-04-09,22:21:23,-07:00,2026-04-09T22:21:23-07:00,0,0
style.css,287,css,bf8f6ab6,asapmike,2026-04-09,22:21:23,-07:00,2026-04-09T22:21:23-07:00,0,0
style.css,288,css,bf8f6ab6,asapmike,2026-04-09,22:21:23,-07:00,2026-04-09T22:21:23-07:00,0,2
style.css,289,css,bf8f6ab6,asapmike,2026-04-09,22:21:23,-07:00,2026-04-09T22:21:23-07:00,2,14
style.css,290,css,bf8f6ab6,asapmike,2026-04-09,22:21:23,-07:00,2026-04-09T22:21:23-07:00,0,0
style.css,291,css,bf8f6ab6,asapmike,2026-04-09,22:21:23,-07:00,2026-04-09T22:21:23-07:00,0,0
style.css,292,css,bf8f6ab6,asapmike,2026-04-09,22:21:23,-07:00,2026-04-09T22:21:23-07:00,0,14
style.css,293,css,bf8f6ab6,asapmike,2026-04-09,22:21:23,-07:00,2026-04-09T22:21:23-07:00,2,12
style.css,294,css,bf8f6ab6,asapmike,2026-04-09,22:21:23,-07:00,2026-04-09T22:21:23-07:00,2,14
style.css,295,css,bf8f6ab6,asapmike,2026-04-09,22:21:23,-07:00,2026-04-09T22:21:23-07:00,2,10
style.css,296,css,bf8f6ab6,asapmike,2026-04-09,22:21:23,-07:00,2026-04-09T22:21:23-07:00,2,28
style.css,297,css,bf8f6ab6,asapmike,2026-04-09,22:21:23,-07:00,2026-04-09T22:21:23-07:00,0,0
style.css,298,css,bf8f6ab6,asapmike,2026-04-09,22:21:23,-07:00,2026-04-09T22:21:23-07:00,0,0
style.css,299,css,bf8f6ab6,asapmike,2026-04-09,22:21:23,-07:00,2026-04-09T22:21:23-07:00,0,16
style.css,300,css,bf8f6ab6,asapmike,2026-04-09,22:21:23,-07:00,2026-04-09T22:21:23-07:00,2,20
style.css,301,css,bf8f6ab6,asapmike,2026-04-09,22:21:23,-07:00,2026-04-09T22:21:23-07:00,2,13
style.css,302,css,6246db6a,asapmike,2026-04-14,22:14:23,-07:00,2026-04-14T22:14:23-07:00,2,69
style.css,303,css,6246db6a,asapmike,2026-04-14,22:14:23,-07:00,2026-04-14T22:14:23-07:00,2,69
style.css,304,css,bf8f6ab6,asapmike,2026-04-09,22:21:23,-07:00,2026-04-09T22:21:23-07:00,2,19
style.css,305,css,bf8f6ab6,asapmike,2026-04-09,22:21:23,-07:00,2026-04-09T22:21:23-07:00,2,19
style.css,306,css,bf8f6ab6,asapmike,2026-04-09,22:21:23,-07:00,2026-04-09T22:21:23-07:00,2,17
style.css,307,css,bf8f6ab6,asapmike,2026-04-09,22:21:23,-07:00,2026-04-09T22:21:23-07:00,0,0
style.css,308,css,bf8f6ab6,asapmike,2026-04-09,22:21:23,-07:00,2026-04-09T22:21:23-07:00,0,0
style.css,309,css,bf8f6ab6,asapmike,2026-04-09,22:21:23,-07:00,2026-04-09T22:21:23-07:00,0,22
style.css,310,css,6246db6a,asapmike,2026-04-14,22:14:23,-07:00,2026-04-14T22:14:23-07:00,2,69
style.css,311,css,bf8f6ab6,asapmike,2026-04-09,22:21:23,-07:00,2026-04-09T22:21:23-07:00,2,32
style.css,312,css,d0a79374,asapmike,2026-04-27,22:18:24,-07:00,2026-04-27T22:18:24-07:00,0,0
index.js,1,js,32d92d3c,asapmike,2026-04-22,20:48:27,-07:00,2026-04-22T20:48:27-07:00,0,6
index.js,2,js,32d92d3c,asapmike,2026-04-22,20:48:27,-07:00,2026-04-22T20:48:27-07:00,2,8
index.js,3,js,32d92d3c,asapmike,2026-04-22,20:48:27,-07:00,2026-04-22T20:48:27-07:00,2,13
index.js,4,js,32d92d3c,asapmike,2026-04-22,20:48:27,-07:00,2026-04-22T20:48:27-07:00,2,14
index.js,5,js,32d92d3c,asapmike,2026-04-22,20:48:27,-07:00,2026-04-22T20:48:27-07:00,2,24
index.js,6,js,32d92d3c,asapmike,2026-04-22,20:48:27,-07:00,2026-04-22T20:48:27-07:00,0,19
index.js,7,js,27eec6a1,asapmike,2026-04-21,21:19:39,-07:00,2026-04-21T21:19:39-07:00,0,54
index.js,8,js,27eec6a1,asapmike,2026-04-21,21:19:39,-07:00,2026-04-21T21:19:39-07:00,0,42
index.js,9,js,27eec6a1,asapmike,2026-04-21,21:19:39,-07:00,2026-04-21T21:19:39-07:00,0,60
index.js,10,js,27eec6a1,asapmike,2026-04-21,21:19:39,-07:00,2026-04-21T21:19:39-07:00,0,54
index.js,11,js,27eec6a1,asapmike,2026-04-21,21:19:39,-07:00,2026-04-21T21:19:39-07:00,0,0
index.js,12,js,27eec6a1,asapmike,2026-04-21,21:19:39,-07:00,2026-04-21T21:19:39-07:00,0,51
index.js,13,js,27eec6a1,asapmike,2026-04-21,21:19:39,-07:00,2026-04-21T21:19:39-07:00,0,63
index.js,14,js,27eec6a1,asapmike,2026-04-21,21:19:39,-07:00,2026-04-21T21:19:39-07:00,0,0
index.js,15,js,27eec6a1,asapmike,2026-04-21,21:19:39,-07:00,2026-04-21T21:19:39-07:00,0,17
index.js,16,js,27eec6a1,asapmike,2026-04-21,21:19:39,-07:00,2026-04-21T21:19:39-07:00,2,24
index.js,17,js,27eec6a1,asapmike,2026-04-21,21:19:39,-07:00,2026-04-21T21:19:39-07:00,4,19
index.js,18,js,27eec6a1,asapmike,2026-04-21,21:19:39,-07:00,2026-04-21T21:19:39-07:00,4,19
index.js,19,js,27eec6a1,asapmike,2026-04-21,21:19:39,-07:00,2026-04-21T21:19:39-07:00,4,16
index.js,20,js,27eec6a1,asapmike,2026-04-21,21:19:39,-07:00,2026-04-21T21:19:39-07:00,4,16
index.js,21,js,27eec6a1,asapmike,2026-04-21,21:19:39,-07:00,2026-04-21T21:19:39-07:00,4,33
index.js,22,js,27eec6a1,asapmike,2026-04-21,21:19:39,-07:00,2026-04-21T21:19:39-07:00,4,33
index.js,23,js,27eec6a1,asapmike,2026-04-21,21:19:39,-07:00,2026-04-21T21:19:39-07:00,4,30
index.js,24,js,27eec6a1,asapmike,2026-04-21,21:19:39,-07:00,2026-04-21T21:19:39-07:00,4,30
index.js,25,js,27eec6a1,asapmike,2026-04-21,21:19:39,-07:00,2026-04-21T21:19:39-07:00,2,0
index.js,26,js,32d92d3c,asapmike,2026-04-22,20:48:27,-07:00,2026-04-22T20:48:27-07:00,0,0
index.js,27,js,32d92d3c,asapmike,2026-04-22,20:48:27,-07:00,2026-04-22T20:48:27-07:00,0,0
index.js,28,js,32d92d3c,asapmike,2026-04-22,20:48:27,-07:00,2026-04-22T20:48:27-07:00,0,61
index.js,29,js,32d92d3c,asapmike,2026-04-22,20:48:27,-07:00,2026-04-22T20:48:27-07:00,0,63
index.js,30,js,32d92d3c,asapmike,2026-04-22,20:48:27,-07:00,2026-04-22T20:48:27-07:00,0,0
index.js,31,js,32d92d3c,asapmike,2026-04-22,20:48:27,-07:00,2026-04-22T20:48:27-07:00,0,22
index.js,32,js,32d92d3c,asapmike,2026-04-22,20:48:27,-07:00,2026-04-22T20:48:27-07:00,2,59
index.js,33,js,27eec6a1,asapmike,2026-04-21,21:19:39,-07:00,2026-04-21T21:19:39-07:00,0,0
index.html,1,html,c14a8f9c,asapmike,2026-04-02,14:15:09,-07:00,2026-04-02T14:15:09-07:00,0,13
index.html,2,html,c14a8f9c,asapmike,2026-04-02,14:15:09,-07:00,2026-04-02T14:15:09-07:00,0,14
index.html,3,html,c14a8f9c,asapmike,2026-04-02,14:15:09,-07:00,2026-04-02T14:15:09-07:00,0,0
index.html,4,html,c14a8f9c,asapmike,2026-04-02,14:15:09,-07:00,2026-04-02T14:15:09-07:00,0,4
index.html,5,html,c14a8f9c,asapmike,2026-04-02,14:15:09,-07:00,2026-04-02T14:15:09-07:00,2,20
index.html,6,html,c14a8f9c,asapmike,2026-04-02,14:15:09,-07:00,2026-04-02T14:15:09-07:00,2,68
index.html,7,html,c14a8f9c,asapmike,2026-04-02,14:15:09,-07:00,2026-04-02T14:15:09-07:00,2,47
index.html,8,html,2c0a308f,asapmike,2026-04-02,19:37:06,-07:00,2026-04-02T19:37:06-07:00,2,38
index.html,9,html,c14a8f9c,asapmike,2026-04-02,14:15:09,-07:00,2026-04-02T14:15:09-07:00,0,5
index.html,10,html,c14a8f9c,asapmike,2026-04-02,14:15:09,-07:00,2026-04-02T14:15:09-07:00,0,0
index.html,11,html,c14a8f9c,asapmike,2026-04-02,14:15:09,-07:00,2026-04-02T14:15:09-07:00,0,4
index.html,12,html,2c0a308f,asapmike,2026-04-02,19:37:06,-07:00,2026-04-02T19:37:06-07:00,2,108
index.html,13,html,2c0a308f,asapmike,2026-04-02,19:37:06,-07:00,2026-04-02T19:37:06-07:00,4,58
index.html,14,html,2c0a308f,asapmike,2026-04-02,19:37:06,-07:00,2026-04-02T19:37:06-07:00,2,17
index.html,15,html,d0a79374,asapmike,2026-04-27,22:18:24,-07:00,2026-04-27T22:18:24-07:00,2,116
index.html,16,html,d0a79374,asapmike,2026-04-27,22:18:24,-07:00,2026-04-27T22:18:24-07:00,2,107
index.html,17,html,bf8f6ab6,asapmike,2026-04-09,22:21:23,-07:00,2026-04-09T22:21:23-07:00,2,52
index.html,18,html,27eec6a1,asapmike,2026-04-21,21:19:39,-07:00,2026-04-21T21:19:39-07:00,0,0
index.html,19,html,27eec6a1,asapmike,2026-04-21,21:19:39,-07:00,2026-04-21T21:19:39-07:00,2,20
index.html,20,html,27eec6a1,asapmike,2026-04-21,21:19:39,-07:00,2026-04-21T21:19:39-07:00,2,22
index.html,21,html,27eec6a1,asapmike,2026-04-21,21:19:39,-07:00,2026-04-21T21:19:39-07:00,4,7
index.html,22,html,32d92d3c,asapmike,2026-04-22,20:48:27,-07:00,2026-04-22T20:48:27-07:00,4,22
index.html,23,html,27eec6a1,asapmike,2026-04-21,21:19:39,-07:00,2026-04-21T21:19:39-07:00,2,4
index.html,24,html,27eec6a1,asapmike,2026-04-21,21:19:39,-07:00,2026-04-21T21:19:39-07:00,0,0
index.html,25,html,27eec6a1,asapmike,2026-04-21,21:19:39,-07:00,2026-04-21T21:19:39-07:00,2,22
index.html,26,html,27eec6a1,asapmike,2026-04-21,21:19:39,-07:00,2026-04-21T21:19:39-07:00,2,20
index.html,27,html,27eec6a1,asapmike,2026-04-21,21:19:39,-07:00,2026-04-21T21:19:39-07:00,4,49
index.html,28,html,27eec6a1,asapmike,2026-04-21,21:19:39,-07:00,2026-04-21T21:19:39-07:00,2,4
index.html,29,html,27eec6a1,asapmike,2026-04-21,21:19:39,-07:00,2026-04-21T21:19:39-07:00,0,0
index.html,30,html,27eec6a1,asapmike,2026-04-21,21:19:39,-07:00,2026-04-21T21:19:39-07:00,2,45
index.html,31,html,27eec6a1,asapmike,2026-04-21,21:19:39,-07:00,2026-04-21T21:19:39-07:00,2,44
index.html,32,html,c14a8f9c,asapmike,2026-04-02,14:15:09,-07:00,2026-04-02T14:15:09-07:00,0,5
index.html,33,html,c14a8f9c,asapmike,2026-04-02,14:15:09,-07:00,2026-04-02T14:15:09-07:00,0,0
index.html,34,html,d0a79374,asapmike,2026-04-27,22:18:24,-07:00,2026-04-27T22:18:24-07:00,0,5
global.js,1,js,6246db6a,asapmike,2026-04-14,22:14:23,-07:00,2026-04-14T22:14:23-07:00,0,25
global.js,2,js,6246db6a,asapmike,2026-04-14,22:14:23,-07:00,2026-04-14T22:14:23-07:00,0,0
global.js,3,js,6246db6a,asapmike,2026-04-14,22:14:23,-07:00,2026-04-14T22:14:23-07:00,0,41
global.js,4,js,6246db6a,asapmike,2026-04-14,22:14:23,-07:00,2026-04-14T22:14:23-07:00,2,52
global.js,5,js,6246db6a,asapmike,2026-04-14,22:14:23,-07:00,2026-04-14T22:14:23-07:00,0,0
global.js,6,js,6246db6a,asapmike,2026-04-14,22:14:23,-07:00,2026-04-14T22:14:23-07:00,0,0
global.js,7,js,27eec6a1,asapmike,2026-04-21,21:19:39,-07:00,2026-04-21T21:19:39-07:00,0,36
global.js,8,js,27eec6a1,asapmike,2026-04-21,21:19:39,-07:00,2026-04-21T21:19:39-07:00,2,3
global.js,9,js,27eec6a1,asapmike,2026-04-21,21:19:39,-07:00,2026-04-21T21:19:39-07:00,4,32
global.js,10,js,27eec6a1,asapmike,2026-04-21,21:19:39,-07:00,2026-04-21T21:19:39-07:00,4,20
global.js,11,js,27eec6a1,asapmike,2026-04-21,21:19:39,-07:00,2026-04-21T21:19:39-07:00,0,0
global.js,12,js,27eec6a1,asapmike,2026-04-21,21:19:39,-07:00,2026-04-21T21:19:39-07:00,4,17
global.js,13,js,27eec6a1,asapmike,2026-04-21,21:19:39,-07:00,2026-04-21T21:19:39-07:00,6,66
global.js,14,js,27eec6a1,asapmike,2026-04-21,21:19:39,-07:00,2026-04-21T21:19:39-07:00,4,0
global.js,15,js,27eec6a1,asapmike,2026-04-21,21:19:39,-07:00,2026-04-21T21:19:39-07:00,0,0
global.js,16,js,27eec6a1,asapmike,2026-04-21,21:19:39,-07:00,2026-04-21T21:19:39-07:00,4,33
global.js,17,js,27eec6a1,asapmike,2026-04-21,21:19:39,-07:00,2026-04-21T21:19:39-07:00,4,10
global.js,18,js,27eec6a1,asapmike,2026-04-21,21:19:39,-07:00,2026-04-21T21:19:39-07:00,2,15
global.js,19,js,27eec6a1,asapmike,2026-04-21,21:19:39,-07:00,2026-04-21T21:19:39-07:00,4,59
global.js,20,js,27eec6a1,asapmike,2026-04-21,21:19:39,-07:00,2026-04-21T21:19:39-07:00,4,10
global.js,21,js,27eec6a1,asapmike,2026-04-21,21:19:39,-07:00,2026-04-21T21:19:39-07:00,2,0
global.js,22,js,27eec6a1,asapmike,2026-04-21,21:19:39,-07:00,2026-04-21T21:19:39-07:00,0,0
global.js,23,js,27eec6a1,asapmike,2026-04-21,21:19:39,-07:00,2026-04-21T21:19:39-07:00,0,0
global.js,24,js,27eec6a1,asapmike,2026-04-21,21:19:39,-07:00,2026-04-21T21:19:39-07:00,0,47
global.js,25,js,27eec6a1,asapmike,2026-04-21,21:19:39,-07:00,2026-04-21T21:19:39-07:00,2,53
global.js,26,js,27eec6a1,asapmike,2026-04-21,21:19:39,-07:00,2026-04-21T21:19:39-07:00,2,3
global.js,27,js,27eec6a1,asapmike,2026-04-21,21:19:39,-07:00,2026-04-21T21:19:39-07:00,4,32
global.js,28,js,27eec6a1,asapmike,2026-04-21,21:19:39,-07:00,2026-04-21T21:19:39-07:00,4,17
global.js,29,js,27eec6a1,asapmike,2026-04-21,21:19:39,-07:00,2026-04-21T21:19:39-07:00,6,69
global.js,30,js,27eec6a1,asapmike,2026-04-21,21:19:39,-07:00,2026-04-21T21:19:39-07:00,4,0
global.js,31,js,27eec6a1,asapmike,2026-04-21,21:19:39,-07:00,2026-04-21T21:19:39-07:00,4,27
global.js,32,js,27eec6a1,asapmike,2026-04-21,21:19:39,-07:00,2026-04-21T21:19:39-07:00,2,15
global.js,33,js,27eec6a1,asapmike,2026-04-21,21:19:39,-07:00,2026-04-21T21:19:39-07:00,4,61
global.js,34,js,27eec6a1,asapmike,2026-04-21,21:19:39,-07:00,2026-04-21T21:19:39-07:00,4,10
global.js,35,js,27eec6a1,asapmike,2026-04-21,21:19:39,-07:00,2026-04-21T21:19:39-07:00,2,0
global.js,36,js,27eec6a1,asapmike,2026-04-21,21:19:39,-07:00,2026-04-21T21:19:39-07:00,0,0
global.js,37,js,27eec6a1,asapmike,2026-04-21,21:19:39,-07:00,2026-04-21T21:19:39-07:00,0,0
global.js,38,js,32d92d3c,asapmike,2026-04-22,20:48:27,-07:00,2026-04-22T20:48:27-07:00,0,57
global.js,39,js,32d92d3c,asapmike,2026-04-22,20:48:27,-07:00,2026-04-22T20:48:27-07:00,2,17
global.js,40,js,32d92d3c,asapmike,2026-04-22,20:48:27,-07:00,2026-04-22T20:48:27-07:00,2,11
global.js,41,js,32d92d3c,asapmike,2026-04-22,20:48:27,-07:00,2026-04-22T20:48:27-07:00,0,0
global.js,42,js,32d92d3c,asapmike,2026-04-22,20:48:27,-07:00,2026-04-22T20:48:27-07:00,2,12
global.js,43,js,32d92d3c,asapmike,2026-04-22,20:48:27,-07:00,2026-04-22T20:48:27-07:00,4,85
global.js,44,js,32d92d3c,asapmike,2026-04-22,20:48:27,-07:00,2026-04-22T20:48:27-07:00,4,32
global.js,45,js,32d92d3c,asapmike,2026-04-22,20:48:27,-07:00,2026-04-22T20:48:27-07:00,4,17
global.js,46,js,32d92d3c,asapmike,2026-04-22,20:48:27,-07:00,2026-04-22T20:48:27-07:00,6,70
global.js,47,js,32d92d3c,asapmike,2026-04-22,20:48:27,-07:00,2026-04-22T20:48:27-07:00,4,0
global.js,48,js,32d92d3c,asapmike,2026-04-22,20:48:27,-07:00,2026-04-22T20:48:27-07:00,0,0
global.js,49,js,32d92d3c,asapmike,2026-04-22,20:48:27,-07:00,2026-04-22T20:48:27-07:00,4,34
global.js,50,js,32d92d3c,asapmike,2026-04-22,20:48:27,-07:00,2026-04-22T20:48:27-07:00,4,25
global.js,51,js,32d92d3c,asapmike,2026-04-22,20:48:27,-07:00,2026-04-22T20:48:27-07:00,6,39
global.js,52,js,32d92d3c,asapmike,2026-04-22,20:48:27,-07:00,2026-04-22T20:48:27-07:00,4,0
global.js,53,js,32d92d3c,asapmike,2026-04-22,20:48:27,-07:00,2026-04-22T20:48:27-07:00,0,0
global.js,54,js,32d92d3c,asapmike,2026-04-22,20:48:27,-07:00,2026-04-22T20:48:27-07:00,4,23
global.js,55,js,32d92d3c,asapmike,2026-04-22,20:48:27,-07:00,2026-04-22T20:48:27-07:00,6,4
global.js,56,js,32d92d3c,asapmike,2026-04-22,20:48:27,-07:00,2026-04-22T20:48:27-07:00,4,0
global.js,57,js,32d92d3c,asapmike,2026-04-22,20:48:27,-07:00,2026-04-22T20:48:27-07:00,0,0
global.js,58,js,32d92d3c,asapmike,2026-04-22,20:48:27,-07:00,2026-04-22T20:48:27-07:00,4,8
global.js,59,js,32d92d3c,asapmike,2026-04-22,20:48:27,-07:00,2026-04-22T20:48:27-07:00,2,0
global.js,60,js,32d92d3c,asapmike,2026-04-22,20:48:27,-07:00,2026-04-22T20:48:27-07:00,0,0
global.js,61,js,32d92d3c,asapmike,2026-04-22,20:48:27,-07:00,2026-04-22T20:48:27-07:00,2,16
global.js,62,js,32d92d3c,asapmike,2026-04-22,20:48:27,-07:00,2026-04-22T20:48:27-07:00,0,0
global.js,63,js,32d92d3c,asapmike,2026-04-22,20:48:27,-07:00,2026-04-22T20:48:27-07:00,0,0
global.js,64,js,27eec6a1,asapmike,2026-04-21,21:19:39,-07:00,2026-04-21T21:19:39-07:00,0,78
global.js,65,js,27eec6a1,asapmike,2026-04-21,21:19:39,-07:00,2026-04-21T21:19:39-07:00,2,43
global.js,66,js,27eec6a1,asapmike,2026-04-21,21:19:39,-07:00,2026-04-21T21:19:39-07:00,4,72
global.js,67,js,27eec6a1,asapmike,2026-04-21,21:19:39,-07:00,2026-04-21T21:19:39-07:00,2,0
global.js,68,js,27eec6a1,asapmike,2026-04-21,21:19:39,-07:00,2026-04-21T21:19:39-07:00,0,0
global.js,69,js,27eec6a1,asapmike,2026-04-21,21:19:39,-07:00,2026-04-21T21:19:39-07:00,2,30
global.js,70,js,27eec6a1,asapmike,2026-04-21,21:19:39,-07:00,2026-04-21T21:19:39-07:00,0,0
global.js,71,js,27eec6a1,asapmike,2026-04-21,21:19:39,-07:00,2026-04-21T21:19:39-07:00,2,60
global.js,72,js,27eec6a1,asapmike,2026-04-21,21:19:39,-07:00,2026-04-21T21:19:39-07:00,0,0
global.js,73,js,27eec6a1,asapmike,2026-04-21,21:19:39,-07:00,2026-04-21T21:19:39-07:00,2,25
global.js,74,js,27eec6a1,asapmike,2026-04-21,21:19:39,-07:00,2026-04-21T21:19:39-07:00,4,14
global.js,75,js,27eec6a1,asapmike,2026-04-21,21:19:39,-07:00,2026-04-21T21:19:39-07:00,6,68
global.js,76,js,27eec6a1,asapmike,2026-04-21,21:19:39,-07:00,2026-04-21T21:19:39-07:00,8,3
global.js,77,js,27eec6a1,asapmike,2026-04-21,21:19:39,-07:00,2026-04-21T21:19:39-07:00,8,14
global.js,78,js,27eec6a1,asapmike,2026-04-21,21:19:39,-07:00,2026-04-21T21:19:39-07:00,0,0
global.js,79,js,d0a79374,asapmike,2026-04-27,22:18:24,-07:00,2026-04-27T22:18:24-07:00,4,29
global.js,80,js,d0a79374,asapmike,2026-04-27,22:18:24,-07:00,2026-04-27T22:18:24-07:00,6,25
global.js,81,js,d0a79374,asapmike,2026-04-27,22:18:24,-07:00,2026-04-27T22:18:24-07:00,6,19
global.js,82,js,d0a79374,asapmike,2026-04-27,22:18:24,-07:00,2026-04-27T22:18:24-07:00,8,28
global.js,83,js,d0a79374,asapmike,2026-04-27,22:18:24,-07:00,2026-04-27T22:18:24-07:00,8,26
global.js,84,js,d0a79374,asapmike,2026-04-27,22:18:24,-07:00,2026-04-27T22:18:24-07:00,8,20
global.js,85,js,27eec6a1,asapmike,2026-04-21,21:19:39,-07:00,2026-04-21T21:19:39-07:00,0,0
global.js,86,js,d0a79374,asapmike,2026-04-27,22:18:24,-07:00,2026-04-27T22:18:24-07:00,6,68
global.js,87,js,d0a79374,asapmike,2026-04-27,22:18:24,-07:00,2026-04-27T22:18:24-07:00,4,0
global.js,88,js,27eec6a1,asapmike,2026-04-21,21:19:39,-07:00,2026-04-21T21:19:39-07:00,0,0
global.js,89,js,d0a79374,asapmike,2026-04-27,22:18:24,-07:00,2026-04-27T22:18:24-07:00,4,36
global.js,90,js,27eec6a1,asapmike,2026-04-21,21:19:39,-07:00,2026-04-21T21:19:39-07:00,4,48
global.js,91,js,27eec6a1,asapmike,2026-04-21,21:19:39,-07:00,2026-04-21T21:19:39-07:00,4,19
global.js,92,js,27eec6a1,asapmike,2026-04-21,21:19:39,-07:00,2026-04-21T21:19:39-07:00,6,43
global.js,93,js,27eec6a1,asapmike,2026-04-21,21:19:39,-07:00,2026-04-21T21:19:39-07:00,6,38
global.js,94,js,2e5b38f2,asapmike,2026-05-01,16:40:34,-07:00,2026-05-01T16:40:34-07:00,6,27
global.js,95,js,2e5b38f2,asapmike,2026-05-01,16:40:34,-07:00,2026-05-01T16:40:34-07:00,8,21
global.js,96,js,2e5b38f2,asapmike,2026-05-01,16:40:34,-07:00,2026-05-01T16:40:34-07:00,8,41
global.js,97,js,2e5b38f2,asapmike,2026-05-01,16:40:34,-07:00,2026-05-01T16:40:34-07:00,6,4
global.js,98,js,27eec6a1,asapmike,2026-04-21,21:19:39,-07:00,2026-04-21T21:19:39-07:00,4,0
global.js,99,js,27eec6a1,asapmike,2026-04-21,21:19:39,-07:00,2026-04-21T21:19:39-07:00,0,0
global.js,100,js,d0a79374,asapmike,2026-04-27,22:18:24,-07:00,2026-04-27T22:18:24-07:00,4,10
global.js,101,js,d0a79374,asapmike,2026-04-27,22:18:24,-07:00,2026-04-27T22:18:24-07:00,6,36
global.js,102,js,d0a79374,asapmike,2026-04-27,22:18:24,-07:00,2026-04-27T22:18:24-07:00,6,19
global.js,103,js,d0a79374,asapmike,2026-04-27,22:18:24,-07:00,2026-04-27T22:18:24-07:00,6,35
global.js,104,js,d0a79374,asapmike,2026-04-27,22:18:24,-07:00,2026-04-27T22:18:24-07:00,6,61
global.js,105,js,d0a79374,asapmike,2026-04-27,22:18:24,-07:00,2026-04-27T22:18:24-07:00,0,0
global.js,106,js,d0a79374,asapmike,2026-04-27,22:18:24,-07:00,2026-04-27T22:18:24-07:00,6,35
global.js,107,js,d0a79374,asapmike,2026-04-27,22:18:24,-07:00,2026-04-27T22:18:24-07:00,6,25
global.js,108,js,d0a79374,asapmike,2026-04-27,22:18:24,-07:00,2026-04-27T22:18:24-07:00,8,54
global.js,109,js,d0a79374,asapmike,2026-04-27,22:18:24,-07:00,2026-04-27T22:18:24-07:00,6,0
global.js,110,js,d0a79374,asapmike,2026-04-27,22:18:24,-07:00,2026-04-27T22:18:24-07:00,6,39
global.js,111,js,d0a79374,asapmike,2026-04-27,22:18:24,-07:00,2026-04-27T22:18:24-07:00,8,12
global.js,112,js,d0a79374,asapmike,2026-04-27,22:18:24,-07:00,2026-04-27T22:18:24-07:00,6,1
global.js,113,js,d0a79374,asapmike,2026-04-27,22:18:24,-07:00,2026-04-27T22:18:24-07:00,6,46
global.js,114,js,d0a79374,asapmike,2026-04-27,22:18:24,-07:00,2026-04-27T22:18:24-07:00,8,47
global.js,115,js,d0a79374,asapmike,2026-04-27,22:18:24,-07:00,2026-04-27T22:18:24-07:00,10,21
global.js,116,js,d0a79374,asapmike,2026-04-27,22:18:24,-07:00,2026-04-27T22:18:24-07:00,10,12
global.js,117,js,d0a79374,asapmike,2026-04-27,22:18:24,-07:00,2026-04-27T22:18:24-07:00,8,0
global.js,118,js,d0a79374,asapmike,2026-04-27,22:18:24,-07:00,2026-04-27T22:18:24-07:00,6,1
global.js,119,js,d0a79374,asapmike,2026-04-27,22:18:24,-07:00,2026-04-27T22:18:24-07:00,4,0
global.js,120,js,d0a79374,asapmike,2026-04-27,22:18:24,-07:00,2026-04-27T22:18:24-07:00,0,0
global.js,121,js,27eec6a1,asapmike,2026-04-21,21:19:39,-07:00,2026-04-21T21:19:39-07:00,4,36
global.js,122,js,27eec6a1,asapmike,2026-04-21,21:19:39,-07:00,2026-04-21T21:19:39-07:00,2,0
global.js,123,js,27eec6a1,asapmike,2026-04-21,21:19:39,-07:00,2026-04-21T21:19:39-07:00,0,0
global.js,124,js,27eec6a1,asapmike,2026-04-21,21:19:39,-07:00,2026-04-21T21:19:39-07:00,0,0
global.js,125,js,6246db6a,asapmike,2026-04-14,22:14:23,-07:00,2026-04-14T22:14:23-07:00,0,36
global.js,126,js,6246db6a,asapmike,2026-04-14,22:14:23,-07:00,2026-04-14T22:14:23-07:00,0,11
global.js,127,js,6246db6a,asapmike,2026-04-14,22:14:23,-07:00,2026-04-14T22:14:23-07:00,2,35
global.js,128,js,6246db6a,asapmike,2026-04-14,22:14:23,-07:00,2026-04-14T22:14:23-07:00,2,48
global.js,129,js,6246db6a,asapmike,2026-04-14,22:14:23,-07:00,2026-04-14T22:14:23-07:00,2,46
global.js,130,js,6246db6a,asapmike,2026-04-14,22:14:23,-07:00,2026-04-14T22:14:23-07:00,2,44
global.js,131,js,00000000,Not Committed Yet,2026-05-08,16:03:20,-07:00,2026-05-08T16:03:20-07:00,2,40
global.js,132,js,6246db6a,asapmike,2026-04-14,22:14:23,-07:00,2026-04-14T22:14:23-07:00,2,54
global.js,133,js,6246db6a,asapmike,2026-04-14,22:14:23,-07:00,2026-04-14T22:14:23-07:00,0,0
global.js,134,js,6246db6a,asapmike,2026-04-14,22:14:23,-07:00,2026-04-14T22:14:23-07:00,0,0
global.js,135,js,6246db6a,asapmike,2026-04-14,22:14:23,-07:00,2026-04-14T22:14:23-07:00,0,15
global.js,136,js,6246db6a,asapmike,2026-04-14,22:14:23,-07:00,2026-04-14T22:14:23-07:00,2,68
global.js,137,js,6246db6a,asapmike,2026-04-14,22:14:23,-07:00,2026-04-14T22:14:23-07:00,4,19
global.js,138,js,6246db6a,asapmike,2026-04-14,22:14:23,-07:00,2026-04-14T22:14:23-07:00,4,40
global.js,139,js,6246db6a,asapmike,2026-04-14,22:14:23,-07:00,2026-04-14T22:14:23-07:00,0,0
global.js,140,js,6246db6a,asapmike,2026-04-14,22:14:23,-07:00,2026-04-14T22:14:23-07:00,0,38
global.js,141,js,6246db6a,asapmike,2026-04-14,22:14:23,-07:00,2026-04-14T22:14:23-07:00,0,25
global.js,142,js,6246db6a,asapmike,2026-04-14,22:14:23,-07:00,2026-04-14T22:14:23-07:00,0,0
global.js,143,js,6246db6a,asapmike,2026-04-14,22:14:23,-07:00,2026-04-14T22:14:23-07:00,0,70
global.js,144,js,6246db6a,asapmike,2026-04-14,22:14:23,-07:00,2026-04-14T22:14:23-07:00,0,40
global.js,145,js,6246db6a,asapmike,2026-04-14,22:14:23,-07:00,2026-04-14T22:14:23-07:00,0,49
global.js,146,js,6246db6a,asapmike,2026-04-14,22:14:23,-07:00,2026-04-14T22:14:23-07:00,2,21
global.js,147,js,6246db6a,asapmike,2026-04-14,22:14:23,-07:00,2026-04-14T22:14:23-07:00,0,0
global.js,148,js,6246db6a,asapmike,2026-04-14,22:14:23,-07:00,2026-04-14T22:14:23-07:00,2,28
global.js,149,js,6246db6a,asapmike,2026-04-14,22:14:23,-07:00,2026-04-14T22:14:23-07:00,2,20
global.js,150,js,6246db6a,asapmike,2026-04-14,22:14:23,-07:00,2026-04-14T22:14:23-07:00,2,14
global.js,151,js,6246db6a,asapmike,2026-04-14,22:14:23,-07:00,2026-04-14T22:14:23-07:00,0,0
global.js,152,js,6246db6a,asapmike,2026-04-14,22:14:23,-07:00,2026-04-14T22:14:23-07:00,2,31
global.js,153,js,6246db6a,asapmike,2026-04-14,22:14:23,-07:00,2026-04-14T22:14:23-07:00,4,70
global.js,154,js,6246db6a,asapmike,2026-04-14,22:14:23,-07:00,2026-04-14T22:14:23-07:00,2,0
global.js,155,js,6246db6a,asapmike,2026-04-14,22:14:23,-07:00,2026-04-14T22:14:23-07:00,0,0
global.js,156,js,6246db6a,asapmike,2026-04-14,22:14:23,-07:00,2026-04-14T22:14:23-07:00,2,28
global.js,157,js,6246db6a,asapmike,2026-04-14,22:14:23,-07:00,2026-04-14T22:14:23-07:00,2,18
global.js,158,js,6246db6a,asapmike,2026-04-14,22:14:23,-07:00,2026-04-14T22:14:23-07:00,0,1
global.js,159,js,6246db6a,asapmike,2026-04-14,22:14:23,-07:00,2026-04-14T22:14:23-07:00,0,0
global.js,160,js,6246db6a,asapmike,2026-04-14,22:14:23,-07:00,2026-04-14T22:14:23-07:00,0,66
global.js,161,js,6246db6a,asapmike,2026-04-14,22:14:23,-07:00,2026-04-14T22:14:23-07:00,0,20
global.js,162,js,6246db6a,asapmike,2026-04-14,22:14:23,-07:00,2026-04-14T22:14:23-07:00,2,14
global.js,163,js,6246db6a,asapmike,2026-04-14,22:14:23,-07:00,2026-04-14T22:14:23-07:00,2,18
global.js,164,js,6246db6a,asapmike,2026-04-14,22:14:23,-07:00,2026-04-14T22:14:23-07:00,0,0
global.js,165,js,6246db6a,asapmike,2026-04-14,22:14:23,-07:00,2026-04-14T22:14:23-07:00,2,52
global.js,166,js,6246db6a,asapmike,2026-04-14,22:14:23,-07:00,2026-04-14T22:14:23-07:00,0,0
global.js,167,js,6246db6a,asapmike,2026-04-14,22:14:23,-07:00,2026-04-14T22:14:23-07:00,2,34
global.js,168,js,6246db6a,asapmike,2026-04-14,22:14:23,-07:00,2026-04-14T22:14:23-07:00,2,11
global.js,169,js,6246db6a,asapmike,2026-04-14,22:14:23,-07:00,2026-04-14T22:14:23-07:00,2,20
global.js,170,js,6246db6a,asapmike,2026-04-14,22:14:23,-07:00,2026-04-14T22:14:23-07:00,0,0
global.js,171,js,6246db6a,asapmike,2026-04-14,22:14:23,-07:00,2026-04-14T22:14:23-07:00,2,17
global.js,172,js,6246db6a,asapmike,2026-04-14,22:14:23,-07:00,2026-04-14T22:14:23-07:00,4,8
global.js,173,js,6246db6a,asapmike,2026-04-14,22:14:23,-07:00,2026-04-14T22:14:23-07:00,4,59
global.js,174,js,6246db6a,asapmike,2026-04-14,22:14:23,-07:00,2026-04-14T22:14:23-07:00,2,0
global.js,175,js,6246db6a,asapmike,2026-04-14,22:14:23,-07:00,2026-04-14T22:14:23-07:00,0,0
global.js,176,js,6246db6a,asapmike,2026-04-14,22:14:23,-07:00,2026-04-14T22:14:23-07:00,2,29
global.js,177,js,6246db6a,asapmike,2026-04-14,22:14:23,-07:00,2026-04-14T22:14:23-07:00,4,18
global.js,178,js,6246db6a,asapmike,2026-04-14,22:14:23,-07:00,2026-04-14T22:14:23-07:00,4,28
global.js,179,js,6246db6a,asapmike,2026-04-14,22:14:23,-07:00,2026-04-14T22:14:23-07:00,2,0
global.js,180,js,6246db6a,asapmike,2026-04-14,22:14:23,-07:00,2026-04-14T22:14:23-07:00,0,0
global.js,181,js,6246db6a,asapmike,2026-04-14,22:14:23,-07:00,2026-04-14T22:14:23-07:00,2,12
global.js,182,js,27eec6a1,asapmike,2026-04-21,21:19:39,-07:00,2026-04-21T21:19:39-07:00,0,0
global.js,183,js,27eec6a1,asapmike,2026-04-21,21:19:39,-07:00,2026-04-21T21:19:39-07:00,0,0
global.js,184,js,32d92d3c,asapmike,2026-04-22,20:48:27,-07:00,2026-04-22T20:48:27-07:00,0,44
global.js,185,js,32d92d3c,asapmike,2026-04-22,20:48:27,-07:00,2026-04-22T20:48:27-07:00,0,60
global.js,186,js,32d92d3c,asapmike,2026-04-22,20:48:27,-07:00,2026-04-22T20:48:27-07:00,0,21
global.js,187,js,32d92d3c,asapmike,2026-04-22,20:48:27,-07:00,2026-04-22T20:48:27-07:00,2,10
global.js,188,js,32d92d3c,asapmike,2026-04-22,20:48:27,-07:00,2026-04-22T20:48:27-07:00,2,0
global.js,189,js,32d92d3c,asapmike,2026-04-22,20:48:27,-07:00,2026-04-22T20:48:27-07:00,4,26
global.js,190,js,32d92d3c,asapmike,2026-04-22,20:48:27,-07:00,2026-04-22T20:48:27-07:00,6,4
global.js,191,js,32d92d3c,asapmike,2026-04-22,20:48:27,-07:00,2026-04-22T20:48:27-07:00,6,6
global.js,192,js,32d92d3c,asapmike,2026-04-22,20:48:27,-07:00,2026-04-22T20:48:27-07:00,8,52
global.js,193,js,32d92d3c,asapmike,2026-04-22,20:48:27,-07:00,2026-04-22T20:48:27-07:00,8,34
global.js,194,js,32d92d3c,asapmike,2026-04-22,20:48:27,-07:00,2026-04-22T20:48:27-07:00,8,32
global.js,195,js,32d92d3c,asapmike,2026-04-22,20:48:27,-07:00,2026-04-22T20:48:27-07:00,6,7
global.js,196,js,32d92d3c,asapmike,2026-04-22,20:48:27,-07:00,2026-04-22T20:48:27-07:00,4,6
global.js,197,js,32d92d3c,asapmike,2026-04-22,20:48:27,-07:00,2026-04-22T20:48:27-07:00,2,0
global.js,198,js,32d92d3c,asapmike,2026-04-22,20:48:27,-07:00,2026-04-22T20:48:27-07:00,0,0
global.js,199,js,32d92d3c,asapmike,2026-04-22,20:48:27,-07:00,2026-04-22T20:48:27-07:00,0,0
global.js,200,js,32d92d3c,asapmike,2026-04-22,20:48:27,-07:00,2026-04-22T20:48:27-07:00,0,34
global.js,201,js,32d92d3c,asapmike,2026-04-22,20:48:27,-07:00,2026-04-22T20:48:27-07:00,0,53
global.js,202,js,32d92d3c,asapmike,2026-04-22,20:48:27,-07:00,2026-04-22T20:48:27-07:00,0,0
global.js,203,js,32d92d3c,asapmike,2026-04-22,20:48:27,-07:00,2026-04-22T20:48:27-07:00,0,36
global.js,204,js,32d92d3c,asapmike,2026-04-22,20:48:27,-07:00,2026-04-22T20:48:27-07:00,2,25
global.js,205,js,32d92d3c,asapmike,2026-04-22,20:48:27,-07:00,2026-04-22T20:48:27-07:00,2,70
global.js,206,js,32d92d3c,asapmike,2026-04-22,20:48:27,-07:00,2026-04-22T20:48:27-07:00,2,37
global.js,207,js,32d92d3c,asapmike,2026-04-22,20:48:27,-07:00,2026-04-22T20:48:27-07:00,0,0
global.js,208,js,32d92d3c,asapmike,2026-04-22,20:48:27,-07:00,2026-04-22T20:48:27-07:00,0,0
global.js,209,js,32d92d3c,asapmike,2026-04-22,20:48:27,-07:00,2026-04-22T20:48:27-07:00,0,34
global.js,210,js,32d92d3c,asapmike,2026-04-22,20:48:27,-07:00,2026-04-22T20:48:27-07:00,2,39
global.js,211,js,32d92d3c,asapmike,2026-04-22,20:48:27,-07:00,2026-04-22T20:48:27-07:00,0,0
global.js,212,js,32d92d3c,asapmike,2026-04-22,20:48:27,-07:00,2026-04-22T20:48:27-07:00,0,0
global.js,213,js,32d92d3c,asapmike,2026-04-22,20:48:27,-07:00,2026-04-22T20:48:27-07:00,0,49
global.js,214,js,32d92d3c,asapmike,2026-04-22,20:48:27,-07:00,2026-04-22T20:48:27-07:00,2,57
global.js,215,js,32d92d3c,asapmike,2026-04-22,20:48:27,-07:00,2026-04-22T20:48:27-07:00,2,33
global.js,216,js,32d92d3c,asapmike,2026-04-22,20:48:27,-07:00,2026-04-22T20:48:27-07:00,0,1
global.js,217,js,32d92d3c,asapmike,2026-04-22,20:48:27,-07:00,2026-04-22T20:48:27-07:00,0,0
global.js,218,js,27eec6a1,asapmike,2026-04-21,21:19:39,-07:00,2026-04-21T21:19:39-07:00,0,47
global.js,219,js,27eec6a1,asapmike,2026-04-21,21:19:39,-07:00,2026-04-21T21:19:39-07:00,2,22
global.js,220,js,27eec6a1,asapmike,2026-04-21,21:19:39,-07:00,2026-04-21T21:19:39-07:00,2,59
global.js,221,js,d0a79374,asapmike,2026-04-27,22:18:24,-07:00,2026-04-27T22:18:24-07:00,0,0
resume/index.html,1,html,2c0a308f,asapmike,2026-04-02,19:37:06,-07:00,2026-04-02T19:37:06-07:00,0,13
resume/index.html,2,html,2c0a308f,asapmike,2026-04-02,19:37:06,-07:00,2026-04-02T19:37:06-07:00,0,14
resume/index.html,3,html,2c0a308f,asapmike,2026-04-02,19:37:06,-07:00,2026-04-02T19:37:06-07:00,0,0
resume/index.html,4,html,2c0a308f,asapmike,2026-04-02,19:37:06,-07:00,2026-04-02T19:37:06-07:00,0,4
resume/index.html,5,html,2c0a308f,asapmike,2026-04-02,19:37:06,-07:00,2026-04-02T19:37:06-07:00,2,20
resume/index.html,6,html,2c0a308f,asapmike,2026-04-02,19:37:06,-07:00,2026-04-02T19:37:06-07:00,2,68
resume/index.html,7,html,2c0a308f,asapmike,2026-04-02,19:37:06,-07:00,2026-04-02T19:37:06-07:00,2,19
resume/index.html,8,html,2c0a308f,asapmike,2026-04-02,19:37:06,-07:00,2026-04-02T19:37:06-07:00,2,41
resume/index.html,9,html,2c0a308f,asapmike,2026-04-02,19:37:06,-07:00,2026-04-02T19:37:06-07:00,0,5
resume/index.html,10,html,2c0a308f,asapmike,2026-04-02,19:37:06,-07:00,2026-04-02T19:37:06-07:00,0,0
resume/index.html,11,html,2c0a308f,asapmike,2026-04-02,19:37:06,-07:00,2026-04-02T19:37:06-07:00,0,4
resume/index.html,12,html,2c0a308f,asapmike,2026-04-02,19:37:06,-07:00,2026-04-02T19:37:06-07:00,2,6
resume/index.html,13,html,2c0a308f,asapmike,2026-04-02,19:37:06,-07:00,2026-04-02T19:37:06-07:00,4,13
resume/index.html,14,html,bf8f6ab6,asapmike,2026-04-09,22:21:23,-07:00,2026-04-09T22:21:23-07:00,4,23
resume/index.html,15,html,2c0a308f,asapmike,2026-04-02,19:37:06,-07:00,2026-04-02T19:37:06-07:00,6,34
resume/index.html,16,html,2c0a308f,asapmike,2026-04-02,19:37:06,-07:00,2026-04-02T19:37:06-07:00,6,32
resume/index.html,17,html,2c0a308f,asapmike,2026-04-02,19:37:06,-07:00,2026-04-02T19:37:06-07:00,6,26
resume/index.html,18,html,2c0a308f,asapmike,2026-04-02,19:37:06,-07:00,2026-04-02T19:37:06-07:00,4,2
resume/index.html,19,html,2c0a308f,asapmike,2026-04-02,19:37:06,-07:00,2026-04-02T19:37:06-07:00,2,7
resume/index.html,20,html,2c0a308f,asapmike,2026-04-02,19:37:06,-07:00,2026-04-02T19:37:06-07:00,0,0
resume/index.html,21,html,2c0a308f,asapmike,2026-04-02,19:37:06,-07:00,2026-04-02T19:37:06-07:00,2,54
resume/index.html,22,html,2c0a308f,asapmike,2026-04-02,19:37:06,-07:00,2026-04-02T19:37:06-07:00,4,6
resume/index.html,23,html,2c0a308f,asapmike,2026-04-02,19:37:06,-07:00,2026-04-02T19:37:06-07:00,6,35
resume/index.html,24,html,2c0a308f,asapmike,2026-04-02,19:37:06,-07:00,2026-04-02T19:37:06-07:00,4,7
resume/index.html,25,html,2c0a308f,asapmike,2026-04-02,19:37:06,-07:00,2026-04-02T19:37:06-07:00,4,92
resume/index.html,26,html,2c0a308f,asapmike,2026-04-02,19:37:06,-07:00,2026-04-02T19:37:06-07:00,2,8
resume/index.html,27,html,2c0a308f,asapmike,2026-04-02,19:37:06,-07:00,2026-04-02T19:37:06-07:00,0,0
resume/index.html,28,html,2c0a308f,asapmike,2026-04-02,19:37:06,-07:00,2026-04-02T19:37:06-07:00,2,60
resume/index.html,29,html,2c0a308f,asapmike,2026-04-02,19:37:06,-07:00,2026-04-02T19:37:06-07:00,4,6
resume/index.html,30,html,2c0a308f,asapmike,2026-04-02,19:37:06,-07:00,2026-04-02T19:37:06-07:00,6,41
resume/index.html,31,html,2c0a308f,asapmike,2026-04-02,19:37:06,-07:00,2026-04-02T19:37:06-07:00,4,7
resume/index.html,32,html,2c0a308f,asapmike,2026-04-02,19:37:06,-07:00,2026-04-02T19:37:06-07:00,0,0
resume/index.html,33,html,2c0a308f,asapmike,2026-04-02,19:37:06,-07:00,2026-04-02T19:37:06-07:00,4,7
resume/index.html,34,html,2c0a308f,asapmike,2026-04-02,19:37:06,-07:00,2026-04-02T19:37:06-07:00,6,6
resume/index.html,35,html,9c31e6bc,asapmike,2026-04-02,22:35:29,-07:00,2026-04-02T22:35:29-07:00,8,74
resume/index.html,36,html,2c0a308f,asapmike,2026-04-02,19:37:06,-07:00,2026-04-02T19:37:06-07:00,8,1
resume/index.html,37,html,9c31e6bc,asapmike,2026-04-02,22:35:29,-07:00,2026-04-02T22:35:29-07:00,10,38
resume/index.html,38,html,2c0a308f,asapmike,2026-04-02,19:37:06,-07:00,2026-04-02T19:37:06-07:00,10,0
resume/index.html,39,html,9c31e6bc,asapmike,2026-04-02,22:35:29,-07:00,2026-04-02T22:35:29-07:00,10,18
resume/index.html,40,html,2c0a308f,asapmike,2026-04-02,19:37:06,-07:00,2026-04-02T19:37:06-07:00,8,2
resume/index.html,41,html,2c0a308f,asapmike,2026-04-02,19:37:06,-07:00,2026-04-02T19:37:06-07:00,6,7
resume/index.html,42,html,2c0a308f,asapmike,2026-04-02,19:37:06,-07:00,2026-04-02T19:37:06-07:00,6,2
resume/index.html,43,html,9c31e6bc,asapmike,2026-04-02,22:35:29,-07:00,2026-04-02T22:35:29-07:00,8,100
resume/index.html,44,html,9c31e6bc,asapmike,2026-04-02,22:35:29,-07:00,2026-04-02T22:35:29-07:00,10,36
resume/index.html,45,html,9c31e6bc,asapmike,2026-04-02,22:35:29,-07:00,2026-04-02T22:35:29-07:00,8,95
resume/index.html,46,html,9c31e6bc,asapmike,2026-04-02,22:35:29,-07:00,2026-04-02T22:35:29-07:00,10,26
resume/index.html,47,html,2c0a308f,asapmike,2026-04-02,19:37:06,-07:00,2026-04-02T19:37:06-07:00,6,3
resume/index.html,48,html,2c0a308f,asapmike,2026-04-02,19:37:06,-07:00,2026-04-02T19:37:06-07:00,4,8
resume/index.html,49,html,2c0a308f,asapmike,2026-04-02,19:37:06,-07:00,2026-04-02T19:37:06-07:00,0,0
resume/index.html,50,html,2c0a308f,asapmike,2026-04-02,19:37:06,-07:00,2026-04-02T19:37:06-07:00,4,7
resume/index.html,51,html,2c0a308f,asapmike,2026-04-02,19:37:06,-07:00,2026-04-02T19:37:06-07:00,6,6
resume/index.html,52,html,9c31e6bc,asapmike,2026-04-02,22:35:29,-07:00,2026-04-02T22:35:29-07:00,8,60
resume/index.html,53,html,2c0a308f,asapmike,2026-04-02,19:37:06,-07:00,2026-04-02T19:37:06-07:00,8,1
resume/index.html,54,html,9c31e6bc,asapmike,2026-04-02,22:35:29,-07:00,2026-04-02T22:35:29-07:00,10,38
resume/index.html,55,html,2c0a308f,asapmike,2026-04-02,19:37:06,-07:00,2026-04-02T19:37:06-07:00,8,2
resume/index.html,56,html,2c0a308f,asapmike,2026-04-02,19:37:06,-07:00,2026-04-02T19:37:06-07:00,6,7
resume/index.html,57,html,2c0a308f,asapmike,2026-04-02,19:37:06,-07:00,2026-04-02T19:37:06-07:00,6,2
resume/index.html,58,html,9c31e6bc,asapmike,2026-04-02,22:35:29,-07:00,2026-04-02T22:35:29-07:00,8,61
resume/index.html,59,html,9c31e6bc,asapmike,2026-04-02,22:35:29,-07:00,2026-04-02T22:35:29-07:00,8,89
resume/index.html,60,html,9c31e6bc,asapmike,2026-04-02,22:35:29,-07:00,2026-04-02T22:35:29-07:00,8,84
resume/index.html,61,html,2c0a308f,asapmike,2026-04-02,19:37:06,-07:00,2026-04-02T19:37:06-07:00,6,3
resume/index.html,62,html,2c0a308f,asapmike,2026-04-02,19:37:06,-07:00,2026-04-02T19:37:06-07:00,4,8
resume/index.html,63,html,2c0a308f,asapmike,2026-04-02,19:37:06,-07:00,2026-04-02T19:37:06-07:00,2,8
resume/index.html,64,html,2c0a308f,asapmike,2026-04-02,19:37:06,-07:00,2026-04-02T19:37:06-07:00,0,0
resume/index.html,65,html,2c0a308f,asapmike,2026-04-02,19:37:06,-07:00,2026-04-02T19:37:06-07:00,2,58
resume/index.html,66,html,2c0a308f,asapmike,2026-04-02,19:37:06,-07:00,2026-04-02T19:37:06-07:00,4,6
resume/index.html,67,html,2c0a308f,asapmike,2026-04-02,19:37:06,-07:00,2026-04-02T19:37:06-07:00,6,39
resume/index.html,68,html,2c0a308f,asapmike,2026-04-02,19:37:06,-07:00,2026-04-02T19:37:06-07:00,4,7
resume/index.html,69,html,2c0a308f,asapmike,2026-04-02,19:37:06,-07:00,2026-04-02T19:37:06-07:00,0,0
resume/index.html,70,html,2c0a308f,asapmike,2026-04-02,19:37:06,-07:00,2026-04-02T19:37:06-07:00,4,7
resume/index.html,71,html,2c0a308f,asapmike,2026-04-02,19:37:06,-07:00,2026-04-02T19:37:06-07:00,6,6
resume/index.html,72,html,2c0a308f,asapmike,2026-04-02,19:37:06,-07:00,2026-04-02T19:37:06-07:00,8,14
resume/index.html,73,html,2c0a308f,asapmike,2026-04-02,19:37:06,-07:00,2026-04-02T19:37:06-07:00,8,1
resume/index.html,74,html,2c0a308f,asapmike,2026-04-02,19:37:06,-07:00,2026-04-02T19:37:06-07:00,10,38
resume/index.html,75,html,2c0a308f,asapmike,2026-04-02,19:37:06,-07:00,2026-04-02T19:37:06-07:00,10,0
resume/index.html,76,html,2c0a308f,asapmike,2026-04-02,19:37:06,-07:00,2026-04-02T19:37:06-07:00,10,38
resume/index.html,77,html,2c0a308f,asapmike,2026-04-02,19:37:06,-07:00,2026-04-02T19:37:06-07:00,8,2
resume/index.html,78,html,2c0a308f,asapmike,2026-04-02,19:37:06,-07:00,2026-04-02T19:37:06-07:00,6,7
resume/index.html,79,html,2c0a308f,asapmike,2026-04-02,19:37:06,-07:00,2026-04-02T19:37:06-07:00,6,48
resume/index.html,80,html,2c0a308f,asapmike,2026-04-02,19:37:06,-07:00,2026-04-02T19:37:06-07:00,4,8
resume/index.html,81,html,2c0a308f,asapmike,2026-04-02,19:37:06,-07:00,2026-04-02T19:37:06-07:00,0,0
resume/index.html,82,html,2c0a308f,asapmike,2026-04-02,19:37:06,-07:00,2026-04-02T19:37:06-07:00,4,7
resume/index.html,83,html,2c0a308f,asapmike,2026-04-02,19:37:06,-07:00,2026-04-02T19:37:06-07:00,6,6
resume/index.html,84,html,2c0a308f,asapmike,2026-04-02,19:37:06,-07:00,2026-04-02T19:37:06-07:00,8,11
resume/index.html,85,html,2c0a308f,asapmike,2026-04-02,19:37:06,-07:00,2026-04-02T19:37:06-07:00,8,1
resume/index.html,86,html,2c0a308f,asapmike,2026-04-02,19:37:06,-07:00,2026-04-02T19:37:06-07:00,10,38
resume/index.html,87,html,2c0a308f,asapmike,2026-04-02,19:37:06,-07:00,2026-04-02T19:37:06-07:00,10,0
resume/index.html,88,html,2c0a308f,asapmike,2026-04-02,19:37:06,-07:00,2026-04-02T19:37:06-07:00,10,38
resume/index.html,89,html,2c0a308f,asapmike,2026-04-02,19:37:06,-07:00,2026-04-02T19:37:06-07:00,8,2
resume/index.html,90,html,2c0a308f,asapmike,2026-04-02,19:37:06,-07:00,2026-04-02T19:37:06-07:00,6,7
resume/index.html,91,html,2c0a308f,asapmike,2026-04-02,19:37:06,-07:00,2026-04-02T19:37:06-07:00,6,70
resume/index.html,92,html,2c0a308f,asapmike,2026-04-02,19:37:06,-07:00,2026-04-02T19:37:06-07:00,4,8
resume/index.html,93,html,2c0a308f,asapmike,2026-04-02,19:37:06,-07:00,2026-04-02T19:37:06-07:00,0,0
resume/index.html,94,html,2c0a308f,asapmike,2026-04-02,19:37:06,-07:00,2026-04-02T19:37:06-07:00,4,7
resume/index.html,95,html,2c0a308f,asapmike,2026-04-02,19:37:06,-07:00,2026-04-02T19:37:06-07:00,6,6
resume/index.html,96,html,2c0a308f,asapmike,2026-04-02,19:37:06,-07:00,2026-04-02T19:37:06-07:00,8,11
resume/index.html,97,html,2c0a308f,asapmike,2026-04-02,19:37:06,-07:00,2026-04-02T19:37:06-07:00,8,1
resume/index.html,98,html,2c0a308f,asapmike,2026-04-02,19:37:06,-07:00,2026-04-02T19:37:06-07:00,10,38
resume/index.html,99,html,2c0a308f,asapmike,2026-04-02,19:37:06,-07:00,2026-04-02T19:37:06-07:00,10,0
resume/index.html,100,html,2c0a308f,asapmike,2026-04-02,19:37:06,-07:00,2026-04-02T19:37:06-07:00,10,38
resume/index.html,101,html,2c0a308f,asapmike,2026-04-02,19:37:06,-07:00,2026-04-02T19:37:06-07:00,8,2
resume/index.html,102,html,2c0a308f,asapmike,2026-04-02,19:37:06,-07:00,2026-04-02T19:37:06-07:00,6,7
resume/index.html,103,html,2c0a308f,asapmike,2026-04-02,19:37:06,-07:00,2026-04-02T19:37:06-07:00,6,35
resume/index.html,104,html,2c0a308f,asapmike,2026-04-02,19:37:06,-07:00,2026-04-02T19:37:06-07:00,4,8
resume/index.html,105,html,2c0a308f,asapmike,2026-04-02,19:37:06,-07:00,2026-04-02T19:37:06-07:00,2,8
resume/index.html,106,html,2c0a308f,asapmike,2026-04-02,19:37:06,-07:00,2026-04-02T19:37:06-07:00,0,0
resume/index.html,107,html,2c0a308f,asapmike,2026-04-02,19:37:06,-07:00,2026-04-02T19:37:06-07:00,2,52
resume/index.html,108,html,2c0a308f,asapmike,2026-04-02,19:37:06,-07:00,2026-04-02T19:37:06-07:00,4,6
resume/index.html,109,html,2c0a308f,asapmike,2026-04-02,19:37:06,-07:00,2026-04-02T19:37:06-07:00,6,33
resume/index.html,110,html,2c0a308f,asapmike,2026-04-02,19:37:06,-07:00,2026-04-02T19:37:06-07:00,4,7
resume/index.html,111,html,2c0a308f,asapmike,2026-04-02,19:37:06,-07:00,2026-04-02T19:37:06-07:00,4,24
resume/index.html,112,html,2c0a308f,asapmike,2026-04-02,19:37:06,-07:00,2026-04-02T19:37:06-07:00,4,37
resume/index.html,113,html,2c0a308f,asapmike,2026-04-02,19:37:06,-07:00,2026-04-02T19:37:06-07:00,4,2
resume/index.html,114,html,2c0a308f,asapmike,2026-04-02,19:37:06,-07:00,2026-04-02T19:37:06-07:00,6,11
resume/index.html,115,html,2c0a308f,asapmike,2026-04-02,19:37:06,-07:00,2026-04-02T19:37:06-07:00,6,13
resume/index.html,116,html,2c0a308f,asapmike,2026-04-02,19:37:06,-07:00,2026-04-02T19:37:06-07:00,6,8
resume/index.html,117,html,2c0a308f,asapmike,2026-04-02,19:37:06,-07:00,2026-04-02T19:37:06-07:00,6,11
resume/index.html,118,html,2c0a308f,asapmike,2026-04-02,19:37:06,-07:00,2026-04-02T19:37:06-07:00,6,10
resume/index.html,119,html,2c0a308f,asapmike,2026-04-02,19:37:06,-07:00,2026-04-02T19:37:06-07:00,4,3
resume/index.html,120,html,2c0a308f,asapmike,2026-04-02,19:37:06,-07:00,2026-04-02T19:37:06-07:00,2,8
resume/index.html,121,html,27eec6a1,asapmike,2026-04-21,21:19:39,-07:00,2026-04-21T21:19:39-07:00,2,48
resume/index.html,122,html,2c0a308f,asapmike,2026-04-02,19:37:06,-07:00,2026-04-02T19:37:06-07:00,0,5
resume/index.html,123,html,2c0a308f,asapmike,2026-04-02,19:37:06,-07:00,2026-04-02T19:37:06-07:00,0,0
resume/index.html,124,html,2c0a308f,asapmike,2026-04-02,19:37:06,-07:00,2026-04-02T19:37:06-07:00,0,5
projects/projects.js,1,js,2e5b38f2,asapmike,2026-05-01,16:40:34,-07:00,2026-05-01T16:40:34-07:00,0,63
projects/projects.js,2,js,27eec6a1,asapmike,2026-04-21,21:19:39,-07:00,2026-04-21T21:19:39-07:00,0,55
projects/projects.js,3,js,27eec6a1,asapmike,2026-04-21,21:19:39,-07:00,2026-04-21T21:19:39-07:00,0,0
projects/projects.js,4,js,2e5b38f2,asapmike,2026-05-01,16:40:34,-07:00,2026-05-01T16:40:34-07:00,0,13
projects/projects.js,5,js,2e5b38f2,asapmike,2026-05-01,16:40:34,-07:00,2026-05-01T16:40:34-07:00,0,21
projects/projects.js,6,js,2e5b38f2,asapmike,2026-05-01,16:40:34,-07:00,2026-05-01T16:40:34-07:00,0,22
projects/projects.js,7,js,27eec6a1,asapmike,2026-04-21,21:19:39,-07:00,2026-04-21T21:19:39-07:00,0,0
projects/projects.js,8,js,2e5b38f2,asapmike,2026-05-01,16:40:34,-07:00,2026-05-01T16:40:34-07:00,0,55
projects/projects.js,9,js,2e5b38f2,asapmike,2026-05-01,16:40:34,-07:00,2026-05-01T16:40:34-07:00,0,42
projects/projects.js,10,js,2e5b38f2,asapmike,2026-05-01,16:40:34,-07:00,2026-05-01T16:40:34-07:00,0,34
projects/projects.js,11,js,2e5b38f2,asapmike,2026-05-01,16:40:34,-07:00,2026-05-01T16:40:34-07:00,0,84
projects/projects.js,12,js,2e5b38f2,asapmike,2026-05-01,16:40:34,-07:00,2026-05-01T16:40:34-07:00,2,30
projects/projects.js,13,js,2e5b38f2,asapmike,2026-05-01,16:40:34,-07:00,2026-05-01T16:40:34-07:00,0,0
projects/projects.js,14,js,2e5b38f2,asapmike,2026-05-01,16:40:34,-07:00,2026-05-01T16:40:34-07:00,0,15
projects/projects.js,15,js,2e5b38f2,asapmike,2026-05-01,16:40:34,-07:00,2026-05-01T16:40:34-07:00,2,13
projects/projects.js,16,js,2e5b38f2,asapmike,2026-05-01,16:40:34,-07:00,2026-05-01T16:40:34-07:00,2,17
projects/projects.js,17,js,2e5b38f2,asapmike,2026-05-01,16:40:34,-07:00,2026-05-01T16:40:34-07:00,2,73
projects/projects.js,18,js,2e5b38f2,asapmike,2026-05-01,16:40:34,-07:00,2026-05-01T16:40:34-07:00,0,62
projects/projects.js,19,js,27eec6a1,asapmike,2026-04-21,21:19:39,-07:00,2026-04-21T21:19:39-07:00,0,60
projects/projects.js,20,js,2e5b38f2,asapmike,2026-05-01,16:40:34,-07:00,2026-05-01T16:40:34-07:00,0,55
projects/projects.js,21,js,2e5b38f2,asapmike,2026-05-01,16:40:34,-07:00,2026-05-01T16:40:34-07:00,0,0
projects/projects.js,22,js,2e5b38f2,asapmike,2026-05-01,16:40:34,-07:00,2026-05-01T16:40:34-07:00,0,40
projects/projects.js,23,js,2e5b38f2,asapmike,2026-05-01,16:40:34,-07:00,2026-05-01T16:40:34-07:00,2,61
projects/projects.js,24,js,2e5b38f2,asapmike,2026-05-01,16:40:34,-07:00,2026-05-01T16:40:34-07:00,2,51
projects/projects.js,25,js,2e5b38f2,asapmike,2026-05-01,16:40:34,-07:00,2026-05-01T16:40:34-07:00,0,0
projects/projects.js,26,js,2e5b38f2,asapmike,2026-05-01,16:40:34,-07:00,2026-05-01T16:40:34-07:00,0,0
projects/projects.js,27,js,2e5b38f2,asapmike,2026-05-01,16:40:34,-07:00,2026-05-01T16:40:34-07:00,0,52
projects/projects.js,28,js,2e5b38f2,asapmike,2026-05-01,16:40:34,-07:00,2026-05-01T16:40:34-07:00,2,16
projects/projects.js,29,js,2e5b38f2,asapmike,2026-05-01,16:40:34,-07:00,2026-05-01T16:40:34-07:00,0,0
projects/projects.js,30,js,2e5b38f2,asapmike,2026-05-01,16:40:34,-07:00,2026-05-01T16:40:34-07:00,2,35
projects/projects.js,31,js,2e5b38f2,asapmike,2026-05-01,16:40:34,-07:00,2026-05-01T16:40:34-07:00,4,61
projects/projects.js,32,js,2e5b38f2,asapmike,2026-05-01,16:40:34,-07:00,2026-05-01T16:40:34-07:00,4,42
projects/projects.js,33,js,2e5b38f2,asapmike,2026-05-01,16:40:34,-07:00,2026-05-01T16:40:34-07:00,2,1
projects/projects.js,34,js,2e5b38f2,asapmike,2026-05-01,16:40:34,-07:00,2026-05-01T16:40:34-07:00,0,0
projects/projects.js,35,js,2e5b38f2,asapmike,2026-05-01,16:40:34,-07:00,2026-05-01T16:40:34-07:00,0,0
projects/projects.js,36,js,2e5b38f2,asapmike,2026-05-01,16:40:34,-07:00,2026-05-01T16:40:34-07:00,0,40
projects/projects.js,37,js,2e5b38f2,asapmike,2026-05-01,16:40:34,-07:00,2026-05-01T16:40:34-07:00,2,26
projects/projects.js,38,js,2e5b38f2,asapmike,2026-05-01,16:40:34,-07:00,2026-05-01T16:40:34-07:00,4,17
projects/projects.js,39,js,2e5b38f2,asapmike,2026-05-01,16:40:34,-07:00,2026-05-01T16:40:34-07:00,2,0
projects/projects.js,40,js,2e5b38f2,asapmike,2026-05-01,16:40:34,-07:00,2026-05-01T16:40:34-07:00,0,0
projects/projects.js,41,js,2e5b38f2,asapmike,2026-05-01,16:40:34,-07:00,2026-05-01T16:40:34-07:00,2,84
projects/projects.js,42,js,2e5b38f2,asapmike,2026-05-01,16:40:34,-07:00,2026-05-01T16:40:34-07:00,0,0
projects/projects.js,43,js,2e5b38f2,asapmike,2026-05-01,16:40:34,-07:00,2026-05-01T16:40:34-07:00,0,0
projects/projects.js,44,js,2e5b38f2,asapmike,2026-05-01,16:40:34,-07:00,2026-05-01T16:40:34-07:00,0,38
projects/projects.js,45,js,2e5b38f2,asapmike,2026-05-01,16:40:34,-07:00,2026-05-01T16:40:34-07:00,2,28
projects/projects.js,46,js,2e5b38f2,asapmike,2026-05-01,16:40:34,-07:00,2026-05-01T16:40:34-07:00,4,12
projects/projects.js,47,js,2e5b38f2,asapmike,2026-05-01,16:40:34,-07:00,2026-05-01T16:40:34-07:00,4,24
projects/projects.js,48,js,2e5b38f2,asapmike,2026-05-01,16:40:34,-07:00,2026-05-01T16:40:34-07:00,4,24
projects/projects.js,49,js,2e5b38f2,asapmike,2026-05-01,16:40:34,-07:00,2026-05-01T16:40:34-07:00,2,0
projects/projects.js,50,js,2e5b38f2,asapmike,2026-05-01,16:40:34,-07:00,2026-05-01T16:40:34-07:00,2,53
projects/projects.js,51,js,2e5b38f2,asapmike,2026-05-01,16:40:34,-07:00,2026-05-01T16:40:34-07:00,2,46
projects/projects.js,52,js,2e5b38f2,asapmike,2026-05-01,16:40:34,-07:00,2026-05-01T16:40:34-07:00,4,35
projects/projects.js,53,js,2e5b38f2,asapmike,2026-05-01,16:40:34,-07:00,2026-05-01T16:40:34-07:00,2,1
projects/projects.js,54,js,2e5b38f2,asapmike,2026-05-01,16:40:34,-07:00,2026-05-01T16:40:34-07:00,2,59
projects/projects.js,55,js,2e5b38f2,asapmike,2026-05-01,16:40:34,-07:00,2026-05-01T16:40:34-07:00,2,52
projects/projects.js,56,js,2e5b38f2,asapmike,2026-05-01,16:40:34,-07:00,2026-05-01T16:40:34-07:00,2,35
projects/projects.js,57,js,2e5b38f2,asapmike,2026-05-01,16:40:34,-07:00,2026-05-01T16:40:34-07:00,2,47
projects/projects.js,58,js,2e5b38f2,asapmike,2026-05-01,16:40:34,-07:00,2026-05-01T16:40:34-07:00,0,0
projects/projects.js,59,js,2e5b38f2,asapmike,2026-05-01,16:40:34,-07:00,2026-05-01T16:40:34-07:00,2,78
projects/projects.js,60,js,2e5b38f2,asapmike,2026-05-01,16:40:34,-07:00,2026-05-01T16:40:34-07:00,0,0
projects/projects.js,61,js,2e5b38f2,asapmike,2026-05-01,16:40:34,-07:00,2026-05-01T16:40:34-07:00,2,29
projects/projects.js,62,js,2e5b38f2,asapmike,2026-05-01,16:40:34,-07:00,2026-05-01T16:40:34-07:00,2,30
projects/projects.js,63,js,2e5b38f2,asapmike,2026-05-01,16:40:34,-07:00,2026-05-01T16:40:34-07:00,0,0
projects/projects.js,64,js,2e5b38f2,asapmike,2026-05-01,16:40:34,-07:00,2026-05-01T16:40:34-07:00,2,35
projects/projects.js,65,js,2e5b38f2,asapmike,2026-05-01,16:40:34,-07:00,2026-05-01T16:40:34-07:00,4,58
projects/projects.js,66,js,2e5b38f2,asapmike,2026-05-01,16:40:34,-07:00,2026-05-01T16:40:34-07:00,0,0
projects/projects.js,67,js,2e5b38f2,asapmike,2026-05-01,16:40:34,-07:00,2026-05-01T16:40:34-07:00,4,41
projects/projects.js,68,js,2e5b38f2,asapmike,2026-05-01,16:40:34,-07:00,2026-05-01T16:40:34-07:00,4,39
projects/projects.js,69,js,2e5b38f2,asapmike,2026-05-01,16:40:34,-07:00,2026-05-01T16:40:34-07:00,4,11
projects/projects.js,70,js,2e5b38f2,asapmike,2026-05-01,16:40:34,-07:00,2026-05-01T16:40:34-07:00,2,0
projects/projects.js,71,js,2e5b38f2,asapmike,2026-05-01,16:40:34,-07:00,2026-05-01T16:40:34-07:00,0,0
projects/projects.js,72,js,2e5b38f2,asapmike,2026-05-01,16:40:34,-07:00,2026-05-01T16:40:34-07:00,2,26
projects/projects.js,73,js,2e5b38f2,asapmike,2026-05-01,16:40:34,-07:00,2026-05-01T16:40:34-07:00,4,16
projects/projects.js,74,js,2e5b38f2,asapmike,2026-05-01,16:40:34,-07:00,2026-05-01T16:40:34-07:00,6,13
projects/projects.js,75,js,2e5b38f2,asapmike,2026-05-01,16:40:34,-07:00,2026-05-01T16:40:34-07:00,6,44
projects/projects.js,76,js,2e5b38f2,asapmike,2026-05-01,16:40:34,-07:00,2026-05-01T16:40:34-07:00,6,55
projects/projects.js,77,js,2e5b38f2,asapmike,2026-05-01,16:40:34,-07:00,2026-05-01T16:40:34-07:00,6,18
projects/projects.js,78,js,2e5b38f2,asapmike,2026-05-01,16:40:34,-07:00,2026-05-01T16:40:34-07:00,8,36
projects/projects.js,79,js,2e5b38f2,asapmike,2026-05-01,16:40:34,-07:00,2026-05-01T16:40:34-07:00,6,1
projects/projects.js,80,js,2e5b38f2,asapmike,2026-05-01,16:40:34,-07:00,2026-05-01T16:40:34-07:00,2,1
projects/projects.js,81,js,2e5b38f2,asapmike,2026-05-01,16:40:34,-07:00,2026-05-01T16:40:34-07:00,0,0
projects/projects.js,82,js,2e5b38f2,asapmike,2026-05-01,16:40:34,-07:00,2026-05-01T16:40:34-07:00,2,24
projects/projects.js,83,js,2e5b38f2,asapmike,2026-05-01,16:40:34,-07:00,2026-05-01T16:40:34-07:00,4,4
projects/projects.js,84,js,2e5b38f2,asapmike,2026-05-01,16:40:34,-07:00,2026-05-01T16:40:34-07:00,6,11
projects/projects.js,85,js,2e5b38f2,asapmike,2026-05-01,16:40:34,-07:00,2026-05-01T16:40:34-07:00,6,50
projects/projects.js,86,js,2e5b38f2,asapmike,2026-05-01,16:40:34,-07:00,2026-05-01T16:40:34-07:00,6,4
projects/projects.js,87,js,2e5b38f2,asapmike,2026-05-01,16:40:34,-07:00,2026-05-01T16:40:34-07:00,8,6
projects/projects.js,88,js,2e5b38f2,asapmike,2026-05-01,16:40:34,-07:00,2026-05-01T16:40:34-07:00,8,61
projects/projects.js,89,js,2e5b38f2,asapmike,2026-05-01,16:40:34,-07:00,2026-05-01T16:40:34-07:00,6,0
projects/projects.js,90,js,2e5b38f2,asapmike,2026-05-01,16:40:34,-07:00,2026-05-01T16:40:34-07:00,6,68
projects/projects.js,91,js,2e5b38f2,asapmike,2026-05-01,16:40:34,-07:00,2026-05-01T16:40:34-07:00,6,18
projects/projects.js,92,js,2e5b38f2,asapmike,2026-05-01,16:40:34,-07:00,2026-05-01T16:40:34-07:00,8,28
projects/projects.js,93,js,2e5b38f2,asapmike,2026-05-01,16:40:34,-07:00,2026-05-01T16:40:34-07:00,6,1
projects/projects.js,94,js,2e5b38f2,asapmike,2026-05-01,16:40:34,-07:00,2026-05-01T16:40:34-07:00,2,1
projects/projects.js,95,js,2e5b38f2,asapmike,2026-05-01,16:40:34,-07:00,2026-05-01T16:40:34-07:00,0,0
projects/projects.js,96,js,2e5b38f2,asapmike,2026-05-01,16:40:34,-07:00,2026-05-01T16:40:34-07:00,0,0
projects/projects.js,97,js,2e5b38f2,asapmike,2026-05-01,16:40:34,-07:00,2026-05-01T16:40:34-07:00,0,21
projects/projects.js,98,js,2e5b38f2,asapmike,2026-05-01,16:40:34,-07:00,2026-05-01T16:40:34-07:00,2,55
projects/projects.js,99,js,2e5b38f2,asapmike,2026-05-01,16:40:34,-07:00,2026-05-01T16:40:34-07:00,2,64
projects/projects.js,100,js,2e5b38f2,asapmike,2026-05-01,16:40:34,-07:00,2026-05-01T16:40:34-07:00,0,0
projects/projects.js,101,js,2e5b38f2,asapmike,2026-05-01,16:40:34,-07:00,2026-05-01T16:40:34-07:00,2,34
projects/projects.js,102,js,2e5b38f2,asapmike,2026-05-01,16:40:34,-07:00,2026-05-01T16:40:34-07:00,2,23
projects/projects.js,103,js,2e5b38f2,asapmike,2026-05-01,16:40:34,-07:00,2026-05-01T16:40:34-07:00,0,0
projects/projects.js,104,js,2e5b38f2,asapmike,2026-05-01,16:40:34,-07:00,2026-05-01T16:40:34-07:00,0,0
projects/projects.js,105,js,2e5b38f2,asapmike,2026-05-01,16:40:34,-07:00,2026-05-01T16:40:34-07:00,0,48
projects/projects.js,106,js,2e5b38f2,asapmike,2026-05-01,16:40:34,-07:00,2026-05-01T16:40:34-07:00,2,25
projects/projects.js,107,js,2e5b38f2,asapmike,2026-05-01,16:40:34,-07:00,2026-05-01T16:40:34-07:00,2,11
projects/projects.js,108,js,2e5b38f2,asapmike,2026-05-01,16:40:34,-07:00,2026-05-01T16:40:34-07:00,0,1
projects/projects.js,109,js,2e5b38f2,asapmike,2026-05-01,16:40:34,-07:00,2026-05-01T16:40:34-07:00,0,0
projects/projects.js,110,js,2e5b38f2,asapmike,2026-05-01,16:40:34,-07:00,2026-05-01T16:40:34-07:00,0,11
projects/index.html,1,html,2c0a308f,asapmike,2026-04-02,19:37:06,-07:00,2026-04-02T19:37:06-07:00,0,13
projects/index.html,2,html,2c0a308f,asapmike,2026-04-02,19:37:06,-07:00,2026-04-02T19:37:06-07:00,0,14
projects/index.html,3,html,2c0a308f,asapmike,2026-04-02,19:37:06,-07:00,2026-04-02T19:37:06-07:00,0,0
projects/index.html,4,html,2c0a308f,asapmike,2026-04-02,19:37:06,-07:00,2026-04-02T19:37:06-07:00,0,4
projects/index.html,5,html,2c0a308f,asapmike,2026-04-02,19:37:06,-07:00,2026-04-02T19:37:06-07:00,2,20
projects/index.html,6,html,2c0a308f,asapmike,2026-04-02,19:37:06,-07:00,2026-04-02T19:37:06-07:00,2,68
projects/index.html,7,html,2c0a308f,asapmike,2026-04-02,19:37:06,-07:00,2026-04-02T19:37:06-07:00,2,21
projects/index.html,8,html,2c0a308f,asapmike,2026-04-02,19:37:06,-07:00,2026-04-02T19:37:06-07:00,2,41
projects/index.html,9,html,2c0a308f,asapmike,2026-04-02,19:37:06,-07:00,2026-04-02T19:37:06-07:00,0,5
projects/index.html,10,html,2c0a308f,asapmike,2026-04-02,19:37:06,-07:00,2026-04-02T19:37:06-07:00,0,0
projects/index.html,11,html,2c0a308f,asapmike,2026-04-02,19:37:06,-07:00,2026-04-02T19:37:06-07:00,0,4
projects/index.html,12,html,27eec6a1,asapmike,2026-04-21,21:19:39,-07:00,2026-04-21T21:19:39-07:00,2,38
projects/index.html,13,html,2e5b38f2,asapmike,2026-05-01,16:40:34,-07:00,2026-05-01T16:40:34-07:00,2,24
projects/index.html,14,html,2e5b38f2,asapmike,2026-05-01,16:40:34,-07:00,2026-05-01T16:40:34-07:00,4,58
projects/index.html,15,html,2e5b38f2,asapmike,2026-05-01,16:40:34,-07:00,2026-05-01T16:40:34-07:00,4,22
projects/index.html,16,html,2e5b38f2,asapmike,2026-05-01,16:40:34,-07:00,2026-05-01T16:40:34-07:00,2,4
projects/index.html,17,html,2e5b38f2,asapmike,2026-05-01,16:40:34,-07:00,2026-05-01T16:40:34-07:00,2,4
projects/index.html,18,html,2e5b38f2,asapmike,2026-05-01,16:40:34,-07:00,2026-05-01T16:40:34-07:00,4,15
projects/index.html,19,html,2e5b38f2,asapmike,2026-05-01,16:40:34,-07:00,2026-05-01T16:40:34-07:00,4,11
projects/index.html,20,html,2e5b38f2,asapmike,2026-05-01,16:40:34,-07:00,2026-05-01T16:40:34-07:00,4,26
projects/index.html,21,html,2e5b38f2,asapmike,2026-05-01,16:40:34,-07:00,2026-05-01T16:40:34-07:00,4,30
projects/index.html,22,html,2e5b38f2,asapmike,2026-05-01,16:40:34,-07:00,2026-05-01T16:40:34-07:00,2,0
projects/index.html,23,html,bf8f6ab6,asapmike,2026-04-09,22:21:23,-07:00,2026-04-09T22:21:23-07:00,2,20
projects/index.html,24,html,bf8f6ab6,asapmike,2026-04-09,22:21:23,-07:00,2026-04-09T22:21:23-07:00,2,4
projects/index.html,25,html,27eec6a1,asapmike,2026-04-21,21:19:39,-07:00,2026-04-21T21:19:39-07:00,2,48
projects/index.html,26,html,27eec6a1,asapmike,2026-04-21,21:19:39,-07:00,2026-04-21T21:19:39-07:00,2,47
projects/index.html,27,html,2c0a308f,asapmike,2026-04-02,19:37:06,-07:00,2026-04-02T19:37:06-07:00,0,5
projects/index.html,28,html,2c0a308f,asapmike,2026-04-02,19:37:06,-07:00,2026-04-02T19:37:06-07:00,0,0
projects/index.html,29,html,2e5b38f2,asapmike,2026-05-01,16:40:34,-07:00,2026-05-01T16:40:34-07:00,0,5
projects/dsc106 proj2/index.html,1,html,d0a79374,asapmike,2026-04-27,22:18:24,-07:00,2026-04-27T22:18:24-07:00,0,13
projects/dsc106 proj2/index.html,2,html,d0a79374,asapmike,2026-04-27,22:18:24,-07:00,2026-04-27T22:18:24-07:00,0,14
projects/dsc106 proj2/index.html,3,html,d0a79374,asapmike,2026-04-27,22:18:24,-07:00,2026-04-27T22:18:24-07:00,0,0
projects/dsc106 proj2/index.html,4,html,d0a79374,asapmike,2026-04-27,22:18:24,-07:00,2026-04-27T22:18:24-07:00,0,4
projects/dsc106 proj2/index.html,5,html,d0a79374,asapmike,2026-04-27,22:18:24,-07:00,2026-04-27T22:18:24-07:00,2,29
projects/dsc106 proj2/index.html,6,html,d0a79374,asapmike,2026-04-27,22:18:24,-07:00,2026-04-27T22:18:24-07:00,2,5
projects/dsc106 proj2/index.html,7,html,d0a79374,asapmike,2026-04-27,22:18:24,-07:00,2026-04-27T22:18:24-07:00,4,5
projects/dsc106 proj2/index.html,8,html,d0a79374,asapmike,2026-04-27,22:18:24,-07:00,2026-04-27T22:18:24-07:00,6,35
projects/dsc106 proj2/index.html,9,html,d0a79374,asapmike,2026-04-27,22:18:24,-07:00,2026-04-27T22:18:24-07:00,6,35
projects/dsc106 proj2/index.html,10,html,d0a79374,asapmike,2026-04-27,22:18:24,-07:00,2026-04-27T22:18:24-07:00,6,35
projects/dsc106 proj2/index.html,11,html,d0a79374,asapmike,2026-04-27,22:18:24,-07:00,2026-04-27T22:18:24-07:00,6,35
projects/dsc106 proj2/index.html,12,html,d0a79374,asapmike,2026-04-27,22:18:24,-07:00,2026-04-27T22:18:24-07:00,6,35
projects/dsc106 proj2/index.html,13,html,d0a79374,asapmike,2026-04-27,22:18:24,-07:00,2026-04-27T22:18:24-07:00,6,35
projects/dsc106 proj2/index.html,14,html,d0a79374,asapmike,2026-04-27,22:18:24,-07:00,2026-04-27T22:18:24-07:00,6,35
projects/dsc106 proj2/index.html,15,html,d0a79374,asapmike,2026-04-27,22:18:24,-07:00,2026-04-27T22:18:24-07:00,6,35
projects/dsc106 proj2/index.html,16,html,d0a79374,asapmike,2026-04-27,22:18:24,-07:00,2026-04-27T22:18:24-07:00,6,35
projects/dsc106 proj2/index.html,17,html,d0a79374,asapmike,2026-04-27,22:18:24,-07:00,2026-04-27T22:18:24-07:00,6,35
projects/dsc106 proj2/index.html,18,html,d0a79374,asapmike,2026-04-27,22:18:24,-07:00,2026-04-27T22:18:24-07:00,4,0
projects/dsc106 proj2/index.html,19,html,d0a79374,asapmike,2026-04-27,22:18:24,-07:00,2026-04-27T22:18:24-07:00,0,0
projects/dsc106 proj2/index.html,20,html,d0a79374,asapmike,2026-04-27,22:18:24,-07:00,2026-04-27T22:18:24-07:00,4,4
projects/dsc106 proj2/index.html,21,html,d0a79374,asapmike,2026-04-27,22:18:24,-07:00,2026-04-27T22:18:24-07:00,6,23
projects/dsc106 proj2/index.html,22,html,d0a79374,asapmike,2026-04-27,22:18:24,-07:00,2026-04-27T22:18:24-07:00,6,20
projects/dsc106 proj2/index.html,23,html,d0a79374,asapmike,2026-04-27,22:18:24,-07:00,2026-04-27T22:18:24-07:00,6,34
projects/dsc106 proj2/index.html,24,html,d0a79374,asapmike,2026-04-27,22:18:24,-07:00,2026-04-27T22:18:24-07:00,6,25
projects/dsc106 proj2/index.html,25,html,d0a79374,asapmike,2026-04-27,22:18:24,-07:00,2026-04-27T22:18:24-07:00,6,13
projects/dsc106 proj2/index.html,26,html,d0a79374,asapmike,2026-04-27,22:18:24,-07:00,2026-04-27T22:18:24-07:00,4,0
projects/dsc106 proj2/index.html,27,html,d0a79374,asapmike,2026-04-27,22:18:24,-07:00,2026-04-27T22:18:24-07:00,0,0
projects/dsc106 proj2/index.html,28,html,d0a79374,asapmike,2026-04-27,22:18:24,-07:00,2026-04-27T22:18:24-07:00,4,12
projects/dsc106 proj2/index.html,29,html,d0a79374,asapmike,2026-04-27,22:18:24,-07:00,2026-04-27T22:18:24-07:00,0,0
projects/dsc106 proj2/index.html,30,html,d0a79374,asapmike,2026-04-27,22:18:24,-07:00,2026-04-27T22:18:24-07:00,4,1
projects/dsc106 proj2/index.html,31,html,d0a79374,asapmike,2026-04-27,22:18:24,-07:00,2026-04-27T22:18:24-07:00,4,1
projects/dsc106 proj2/index.html,32,html,d0a79374,asapmike,2026-04-27,22:18:24,-07:00,2026-04-27T22:18:24-07:00,4,1
projects/dsc106 proj2/index.html,33,html,d0a79374,asapmike,2026-04-27,22:18:24,-07:00,2026-04-27T22:18:24-07:00,4,1
projects/dsc106 proj2/index.html,34,html,d0a79374,asapmike,2026-04-27,22:18:24,-07:00,2026-04-27T22:18:24-07:00,4,1
projects/dsc106 proj2/index.html,35,html,d0a79374,asapmike,2026-04-27,22:18:24,-07:00,2026-04-27T22:18:24-07:00,4,2
projects/dsc106 proj2/index.html,36,html,d0a79374,asapmike,2026-04-27,22:18:24,-07:00,2026-04-27T22:18:24-07:00,6,15
projects/dsc106 proj2/index.html,37,html,d0a79374,asapmike,2026-04-27,22:18:24,-07:00,2026-04-27T22:18:24-07:00,6,15
projects/dsc106 proj2/index.html,38,html,d0a79374,asapmike,2026-04-27,22:18:24,-07:00,2026-04-27T22:18:24-07:00,6,17
projects/dsc106 proj2/index.html,39,html,d0a79374,asapmike,2026-04-27,22:18:24,-07:00,2026-04-27T22:18:24-07:00,4,0
projects/dsc106 proj2/index.html,40,html,d0a79374,asapmike,2026-04-27,22:18:24,-07:00,2026-04-27T22:18:24-07:00,0,0
projects/dsc106 proj2/index.html,41,html,d0a79374,asapmike,2026-04-27,22:18:24,-07:00,2026-04-27T22:18:24-07:00,4,1
projects/dsc106 proj2/index.html,42,html,d0a79374,asapmike,2026-04-27,22:18:24,-07:00,2026-04-27T22:18:24-07:00,4,2
projects/dsc106 proj2/index.html,43,html,d0a79374,asapmike,2026-04-27,22:18:24,-07:00,2026-04-27T22:18:24-07:00,6,47
projects/dsc106 proj2/index.html,44,html,d0a79374,asapmike,2026-04-27,22:18:24,-07:00,2026-04-27T22:18:24-07:00,6,20
projects/dsc106 proj2/index.html,45,html,d0a79374,asapmike,2026-04-27,22:18:24,-07:00,2026-04-27T22:18:24-07:00,4,0
projects/dsc106 proj2/index.html,46,html,d0a79374,asapmike,2026-04-27,22:18:24,-07:00,2026-04-27T22:18:24-07:00,0,0
projects/dsc106 proj2/index.html,47,html,d0a79374,asapmike,2026-04-27,22:18:24,-07:00,2026-04-27T22:18:24-07:00,4,2
projects/dsc106 proj2/index.html,48,html,d0a79374,asapmike,2026-04-27,22:18:24,-07:00,2026-04-27T22:18:24-07:00,6,23
projects/dsc106 proj2/index.html,49,html,d0a79374,asapmike,2026-04-27,22:18:24,-07:00,2026-04-27T22:18:24-07:00,6,48
projects/dsc106 proj2/index.html,50,html,d0a79374,asapmike,2026-04-27,22:18:24,-07:00,2026-04-27T22:18:24-07:00,6,15
projects/dsc106 proj2/index.html,51,html,d0a79374,asapmike,2026-04-27,22:18:24,-07:00,2026-04-27T22:18:24-07:00,0,0
projects/dsc106 proj2/index.html,52,html,d0a79374,asapmike,2026-04-27,22:18:24,-07:00,2026-04-27T22:18:24-07:00,6,5
projects/dsc106 proj2/index.html,53,html,d0a79374,asapmike,2026-04-27,22:18:24,-07:00,2026-04-27T22:18:24-07:00,8,13
projects/dsc106 proj2/index.html,54,html,d0a79374,asapmike,2026-04-27,22:18:24,-07:00,2026-04-27T22:18:24-07:00,8,17
projects/dsc106 proj2/index.html,55,html,d0a79374,asapmike,2026-04-27,22:18:24,-07:00,2026-04-27T22:18:24-07:00,8,19
projects/dsc106 proj2/index.html,56,html,d0a79374,asapmike,2026-04-27,22:18:24,-07:00,2026-04-27T22:18:24-07:00,8,18
projects/dsc106 proj2/index.html,57,html,d0a79374,asapmike,2026-04-27,22:18:24,-07:00,2026-04-27T22:18:24-07:00,8,11
projects/dsc106 proj2/index.html,58,html,d0a79374,asapmike,2026-04-27,22:18:24,-07:00,2026-04-27T22:18:24-07:00,8,34
projects/dsc106 proj2/index.html,59,html,d0a79374,asapmike,2026-04-27,22:18:24,-07:00,2026-04-27T22:18:24-07:00,8,13
projects/dsc106 proj2/index.html,60,html,d0a79374,asapmike,2026-04-27,22:18:24,-07:00,2026-04-27T22:18:24-07:00,8,24
projects/dsc106 proj2/index.html,61,html,d0a79374,asapmike,2026-04-27,22:18:24,-07:00,2026-04-27T22:18:24-07:00,8,18
projects/dsc106 proj2/index.html,62,html,d0a79374,asapmike,2026-04-27,22:18:24,-07:00,2026-04-27T22:18:24-07:00,6,0
projects/dsc106 proj2/index.html,63,html,d0a79374,asapmike,2026-04-27,22:18:24,-07:00,2026-04-27T22:18:24-07:00,4,0
projects/dsc106 proj2/index.html,64,html,d0a79374,asapmike,2026-04-27,22:18:24,-07:00,2026-04-27T22:18:24-07:00,0,0
projects/dsc106 proj2/index.html,65,html,d0a79374,asapmike,2026-04-27,22:18:24,-07:00,2026-04-27T22:18:24-07:00,4,2
projects/dsc106 proj2/index.html,66,html,d0a79374,asapmike,2026-04-27,22:18:24,-07:00,2026-04-27T22:18:24-07:00,6,14
projects/dsc106 proj2/index.html,67,html,d0a79374,asapmike,2026-04-27,22:18:24,-07:00,2026-04-27T22:18:24-07:00,6,29
projects/dsc106 proj2/index.html,68,html,d0a79374,asapmike,2026-04-27,22:18:24,-07:00,2026-04-27T22:18:24-07:00,4,0
projects/dsc106 proj2/index.html,69,html,d0a79374,asapmike,2026-04-27,22:18:24,-07:00,2026-04-27T22:18:24-07:00,0,0
projects/dsc106 proj2/index.html,70,html,d0a79374,asapmike,2026-04-27,22:18:24,-07:00,2026-04-27T22:18:24-07:00,4,2
projects/dsc106 proj2/index.html,71,html,d0a79374,asapmike,2026-04-27,22:18:24,-07:00,2026-04-27T22:18:24-07:00,6,14
projects/dsc106 proj2/index.html,72,html,d0a79374,asapmike,2026-04-27,22:18:24,-07:00,2026-04-27T22:18:24-07:00,4,0
projects/dsc106 proj2/index.html,73,html,d0a79374,asapmike,2026-04-27,22:18:24,-07:00,2026-04-27T22:18:24-07:00,0,0
projects/dsc106 proj2/index.html,74,html,d0a79374,asapmike,2026-04-27,22:18:24,-07:00,2026-04-27T22:18:24-07:00,4,9
projects/dsc106 proj2/index.html,75,html,d0a79374,asapmike,2026-04-27,22:18:24,-07:00,2026-04-27T22:18:24-07:00,0,0
projects/dsc106 proj2/index.html,76,html,d0a79374,asapmike,2026-04-27,22:18:24,-07:00,2026-04-27T22:18:24-07:00,4,1
projects/dsc106 proj2/index.html,77,html,d0a79374,asapmike,2026-04-27,22:18:24,-07:00,2026-04-27T22:18:24-07:00,4,2
projects/dsc106 proj2/index.html,78,html,d0a79374,asapmike,2026-04-27,22:18:24,-07:00,2026-04-27T22:18:24-07:00,6,24
projects/dsc106 proj2/index.html,79,html,d0a79374,asapmike,2026-04-27,22:18:24,-07:00,2026-04-27T22:18:24-07:00,4,0
projects/dsc106 proj2/index.html,80,html,d0a79374,asapmike,2026-04-27,22:18:24,-07:00,2026-04-27T22:18:24-07:00,0,0
projects/dsc106 proj2/index.html,81,html,d0a79374,asapmike,2026-04-27,22:18:24,-07:00,2026-04-27T22:18:24-07:00,4,2
projects/dsc106 proj2/index.html,82,html,d0a79374,asapmike,2026-04-27,22:18:24,-07:00,2026-04-27T22:18:24-07:00,6,9
projects/dsc106 proj2/index.html,83,html,d0a79374,asapmike,2026-04-27,22:18:24,-07:00,2026-04-27T22:18:24-07:00,8,29
projects/dsc106 proj2/index.html,84,html,d0a79374,asapmike,2026-04-27,22:18:24,-07:00,2026-04-27T22:18:24-07:00,6,0
projects/dsc106 proj2/index.html,85,html,d0a79374,asapmike,2026-04-27,22:18:24,-07:00,2026-04-27T22:18:24-07:00,0,0
projects/dsc106 proj2/index.html,86,html,d0a79374,asapmike,2026-04-27,22:18:24,-07:00,2026-04-27T22:18:24-07:00,6,3
projects/dsc106 proj2/index.html,87,html,d0a79374,asapmike,2026-04-27,22:18:24,-07:00,2026-04-27T22:18:24-07:00,8,16
projects/dsc106 proj2/index.html,88,html,d0a79374,asapmike,2026-04-27,22:18:24,-07:00,2026-04-27T22:18:24-07:00,6,0
projects/dsc106 proj2/index.html,89,html,d0a79374,asapmike,2026-04-27,22:18:24,-07:00,2026-04-27T22:18:24-07:00,4,0
projects/dsc106 proj2/index.html,90,html,d0a79374,asapmike,2026-04-27,22:18:24,-07:00,2026-04-27T22:18:24-07:00,0,0
projects/dsc106 proj2/index.html,91,html,d0a79374,asapmike,2026-04-27,22:18:24,-07:00,2026-04-27T22:18:24-07:00,4,23
projects/dsc106 proj2/index.html,92,html,d0a79374,asapmike,2026-04-27,22:18:24,-07:00,2026-04-27T22:18:24-07:00,0,0
projects/dsc106 proj2/index.html,93,html,d0a79374,asapmike,2026-04-27,22:18:24,-07:00,2026-04-27T22:18:24-07:00,4,6
projects/dsc106 proj2/index.html,94,html,d0a79374,asapmike,2026-04-27,22:18:24,-07:00,2026-04-27T22:18:24-07:00,6,17
projects/dsc106 proj2/index.html,95,html,d0a79374,asapmike,2026-04-27,22:18:24,-07:00,2026-04-27T22:18:24-07:00,6,17
projects/dsc106 proj2/index.html,96,html,d0a79374,asapmike,2026-04-27,22:18:24,-07:00,2026-04-27T22:18:24-07:00,4,0
projects/dsc106 proj2/index.html,97,html,d0a79374,asapmike,2026-04-27,22:18:24,-07:00,2026-04-27T22:18:24-07:00,0,0
projects/dsc106 proj2/index.html,98,html,d0a79374,asapmike,2026-04-27,22:18:24,-07:00,2026-04-27T22:18:24-07:00,4,4
projects/dsc106 proj2/index.html,99,html,d0a79374,asapmike,2026-04-27,22:18:24,-07:00,2026-04-27T22:18:24-07:00,6,16
projects/dsc106 proj2/index.html,100,html,d0a79374,asapmike,2026-04-27,22:18:24,-07:00,2026-04-27T22:18:24-07:00,6,29
projects/dsc106 proj2/index.html,101,html,d0a79374,asapmike,2026-04-27,22:18:24,-07:00,2026-04-27T22:18:24-07:00,6,18
projects/dsc106 proj2/index.html,102,html,d0a79374,asapmike,2026-04-27,22:18:24,-07:00,2026-04-27T22:18:24-07:00,6,19
projects/dsc106 proj2/index.html,103,html,d0a79374,asapmike,2026-04-27,22:18:24,-07:00,2026-04-27T22:18:24-07:00,4,0
projects/dsc106 proj2/index.html,104,html,d0a79374,asapmike,2026-04-27,22:18:24,-07:00,2026-04-27T22:18:24-07:00,0,0
projects/dsc106 proj2/index.html,105,html,d0a79374,asapmike,2026-04-27,22:18:24,-07:00,2026-04-27T22:18:24-07:00,4,11
projects/dsc106 proj2/index.html,106,html,d0a79374,asapmike,2026-04-27,22:18:24,-07:00,2026-04-27T22:18:24-07:00,0,0
projects/dsc106 proj2/index.html,107,html,d0a79374,asapmike,2026-04-27,22:18:24,-07:00,2026-04-27T22:18:24-07:00,4,6
projects/dsc106 proj2/index.html,108,html,d0a79374,asapmike,2026-04-27,22:18:24,-07:00,2026-04-27T22:18:24-07:00,6,12
projects/dsc106 proj2/index.html,109,html,d0a79374,asapmike,2026-04-27,22:18:24,-07:00,2026-04-27T22:18:24-07:00,6,14
projects/dsc106 proj2/index.html,110,html,d0a79374,asapmike,2026-04-27,22:18:24,-07:00,2026-04-27T22:18:24-07:00,6,20
projects/dsc106 proj2/index.html,111,html,d0a79374,asapmike,2026-04-27,22:18:24,-07:00,2026-04-27T22:18:24-07:00,6,40
projects/dsc106 proj2/index.html,112,html,d0a79374,asapmike,2026-04-27,22:18:24,-07:00,2026-04-27T22:18:24-07:00,6,48
projects/dsc106 proj2/index.html,113,html,d0a79374,asapmike,2026-04-27,22:18:24,-07:00,2026-04-27T22:18:24-07:00,6,17
projects/dsc106 proj2/index.html,114,html,d0a79374,asapmike,2026-04-27,22:18:24,-07:00,2026-04-27T22:18:24-07:00,6,16
projects/dsc106 proj2/index.html,115,html,d0a79374,asapmike,2026-04-27,22:18:24,-07:00,2026-04-27T22:18:24-07:00,0,0
projects/dsc106 proj2/index.html,116,html,d0a79374,asapmike,2026-04-27,22:18:24,-07:00,2026-04-27T22:18:24-07:00,6,11
projects/dsc106 proj2/index.html,117,html,d0a79374,asapmike,2026-04-27,22:18:24,-07:00,2026-04-27T22:18:24-07:00,8,29
projects/dsc106 proj2/index.html,118,html,d0a79374,asapmike,2026-04-27,22:18:24,-07:00,2026-04-27T22:18:24-07:00,8,34
projects/dsc106 proj2/index.html,119,html,d0a79374,asapmike,2026-04-27,22:18:24,-07:00,2026-04-27T22:18:24-07:00,8,14
projects/dsc106 proj2/index.html,120,html,d0a79374,asapmike,2026-04-27,22:18:24,-07:00,2026-04-27T22:18:24-07:00,8,14
projects/dsc106 proj2/index.html,121,html,d0a79374,asapmike,2026-04-27,22:18:24,-07:00,2026-04-27T22:18:24-07:00,8,17
projects/dsc106 proj2/index.html,122,html,d0a79374,asapmike,2026-04-27,22:18:24,-07:00,2026-04-27T22:18:24-07:00,8,24
projects/dsc106 proj2/index.html,123,html,d0a79374,asapmike,2026-04-27,22:18:24,-07:00,2026-04-27T22:18:24-07:00,8,15
projects/dsc106 proj2/index.html,124,html,d0a79374,asapmike,2026-04-27,22:18:24,-07:00,2026-04-27T22:18:24-07:00,0,0
projects/dsc106 proj2/index.html,125,html,d0a79374,asapmike,2026-04-27,22:18:24,-07:00,2026-04-27T22:18:24-07:00,8,9
projects/dsc106 proj2/index.html,126,html,d0a79374,asapmike,2026-04-27,22:18:24,-07:00,2026-04-27T22:18:24-07:00,10,38
projects/dsc106 proj2/index.html,127,html,d0a79374,asapmike,2026-04-27,22:18:24,-07:00,2026-04-27T22:18:24-07:00,10,16
projects/dsc106 proj2/index.html,128,html,d0a79374,asapmike,2026-04-27,22:18:24,-07:00,2026-04-27T22:18:24-07:00,10,29
projects/dsc106 proj2/index.html,129,html,d0a79374,asapmike,2026-04-27,22:18:24,-07:00,2026-04-27T22:18:24-07:00,8,0
projects/dsc106 proj2/index.html,130,html,d0a79374,asapmike,2026-04-27,22:18:24,-07:00,2026-04-27T22:18:24-07:00,0,0
projects/dsc106 proj2/index.html,131,html,d0a79374,asapmike,2026-04-27,22:18:24,-07:00,2026-04-27T22:18:24-07:00,8,30
projects/dsc106 proj2/index.html,132,html,d0a79374,asapmike,2026-04-27,22:18:24,-07:00,2026-04-27T22:18:24-07:00,10,13
projects/dsc106 proj2/index.html,133,html,d0a79374,asapmike,2026-04-27,22:18:24,-07:00,2026-04-27T22:18:24-07:00,10,25
projects/dsc106 proj2/index.html,134,html,d0a79374,asapmike,2026-04-27,22:18:24,-07:00,2026-04-27T22:18:24-07:00,10,38
projects/dsc106 proj2/index.html,135,html,d0a79374,asapmike,2026-04-27,22:18:24,-07:00,2026-04-27T22:18:24-07:00,14,11
projects/dsc106 proj2/index.html,136,html,d0a79374,asapmike,2026-04-27,22:18:24,-07:00,2026-04-27T22:18:24-07:00,14,15
projects/dsc106 proj2/index.html,137,html,d0a79374,asapmike,2026-04-27,22:18:24,-07:00,2026-04-27T22:18:24-07:00,8,0
projects/dsc106 proj2/index.html,138,html,d0a79374,asapmike,2026-04-27,22:18:24,-07:00,2026-04-27T22:18:24-07:00,6,0
projects/dsc106 proj2/index.html,139,html,d0a79374,asapmike,2026-04-27,22:18:24,-07:00,2026-04-27T22:18:24-07:00,4,0
projects/dsc106 proj2/index.html,140,html,d0a79374,asapmike,2026-04-27,22:18:24,-07:00,2026-04-27T22:18:24-07:00,0,0
projects/dsc106 proj2/index.html,141,html,d0a79374,asapmike,2026-04-27,22:18:24,-07:00,2026-04-27T22:18:24-07:00,6,10
projects/dsc106 proj2/index.html,142,html,d0a79374,asapmike,2026-04-27,22:18:24,-07:00,2026-04-27T22:18:24-07:00,8,13
projects/dsc106 proj2/index.html,143,html,d0a79374,asapmike,2026-04-27,22:18:24,-07:00,2026-04-27T22:18:24-07:00,8,22
projects/dsc106 proj2/index.html,144,html,d0a79374,asapmike,2026-04-27,22:18:24,-07:00,2026-04-27T22:18:24-07:00,8,16
projects/dsc106 proj2/index.html,145,html,d0a79374,asapmike,2026-04-27,22:18:24,-07:00,2026-04-27T22:18:24-07:00,8,11
projects/dsc106 proj2/index.html,146,html,d0a79374,asapmike,2026-04-27,22:18:24,-07:00,2026-04-27T22:18:24-07:00,8,18
projects/dsc106 proj2/index.html,147,html,d0a79374,asapmike,2026-04-27,22:18:24,-07:00,2026-04-27T22:18:24-07:00,8,18
projects/dsc106 proj2/index.html,148,html,d0a79374,asapmike,2026-04-27,22:18:24,-07:00,2026-04-27T22:18:24-07:00,6,0
projects/dsc106 proj2/index.html,149,html,d0a79374,asapmike,2026-04-27,22:18:24,-07:00,2026-04-27T22:18:24-07:00,4,6
projects/dsc106 proj2/index.html,150,html,d0a79374,asapmike,2026-04-27,22:18:24,-07:00,2026-04-27T22:18:24-07:00,0,5
projects/dsc106 proj2/index.html,151,html,d0a79374,asapmike,2026-04-27,22:18:24,-07:00,2026-04-27T22:18:24-07:00,0,0
projects/dsc106 proj2/index.html,152,html,d0a79374,asapmike,2026-04-27,22:18:24,-07:00,2026-04-27T22:18:24-07:00,0,4
projects/dsc106 proj2/index.html,153,html,d0a79374,asapmike,2026-04-27,22:18:24,-07:00,2026-04-27T22:18:24-07:00,2,6
projects/dsc106 proj2/index.html,154,html,d0a79374,asapmike,2026-04-27,22:18:24,-07:00,2026-04-27T22:18:24-07:00,4,2
projects/dsc106 proj2/index.html,155,html,d0a79374,asapmike,2026-04-27,22:18:24,-07:00,2026-04-27T22:18:24-07:00,6,22
projects/dsc106 proj2/index.html,156,html,d0a79374,asapmike,2026-04-27,22:18:24,-07:00,2026-04-27T22:18:24-07:00,6,36
projects/dsc106 proj2/index.html,157,html,d0a79374,asapmike,2026-04-27,22:18:24,-07:00,2026-04-27T22:18:24-07:00,4,3
projects/dsc106 proj2/index.html,158,html,d0a79374,asapmike,2026-04-27,22:18:24,-07:00,2026-04-27T22:18:24-07:00,0,0
projects/dsc106 proj2/index.html,159,html,d0a79374,asapmike,2026-04-27,22:18:24,-07:00,2026-04-27T22:18:24-07:00,4,82
projects/dsc106 proj2/index.html,160,html,d0a79374,asapmike,2026-04-27,22:18:24,-07:00,2026-04-27T22:18:24-07:00,6,86
projects/dsc106 proj2/index.html,161,html,d0a79374,asapmike,2026-04-27,22:18:24,-07:00,2026-04-27T22:18:24-07:00,2,7
projects/dsc106 proj2/index.html,162,html,d0a79374,asapmike,2026-04-27,22:18:24,-07:00,2026-04-27T22:18:24-07:00,0,0
projects/dsc106 proj2/index.html,163,html,d0a79374,asapmike,2026-04-27,22:18:24,-07:00,2026-04-27T22:18:24-07:00,2,4
projects/dsc106 proj2/index.html,164,html,d0a79374,asapmike,2026-04-27,22:18:24,-07:00,2026-04-27T22:18:24-07:00,4,109
projects/dsc106 proj2/index.html,165,html,d0a79374,asapmike,2026-04-27,22:18:24,-07:00,2026-04-27T22:18:24-07:00,6,12
projects/dsc106 proj2/index.html,166,html,d0a79374,asapmike,2026-04-27,22:18:24,-07:00,2026-04-27T22:18:24-07:00,0,0
projects/dsc106 proj2/index.html,167,html,d0a79374,asapmike,2026-04-27,22:18:24,-07:00,2026-04-27T22:18:24-07:00,4,7
projects/dsc106 proj2/index.html,168,html,d0a79374,asapmike,2026-04-27,22:18:24,-07:00,2026-04-27T22:18:24-07:00,6,26
projects/dsc106 proj2/index.html,169,html,d0a79374,asapmike,2026-04-27,22:18:24,-07:00,2026-04-27T22:18:24-07:00,0,0
projects/dsc106 proj2/index.html,170,html,d0a79374,asapmike,2026-04-27,22:18:24,-07:00,2026-04-27T22:18:24-07:00,6,6
projects/dsc106 proj2/index.html,171,html,d0a79374,asapmike,2026-04-27,22:18:24,-07:00,2026-04-27T22:18:24-07:00,8,32
projects/dsc106 proj2/index.html,172,html,d0a79374,asapmike,2026-04-27,22:18:24,-07:00,2026-04-27T22:18:24-07:00,10,95
projects/dsc106 proj2/index.html,173,html,e08baaee,asapmike,2026-04-28,18:47:49,-07:00,2026-04-28T18:47:49-07:00,8,97
projects/dsc106 proj2/index.html,174,html,e08baaee,asapmike,2026-04-28,18:47:49,-07:00,2026-04-28T18:47:49-07:00,10,78
projects/dsc106 proj2/index.html,175,html,d0a79374,asapmike,2026-04-27,22:18:24,-07:00,2026-04-27T22:18:24-07:00,6,7
projects/dsc106 proj2/index.html,176,html,d0a79374,asapmike,2026-04-27,22:18:24,-07:00,2026-04-27T22:18:24-07:00,0,0
projects/dsc106 proj2/index.html,177,html,d0a79374,asapmike,2026-04-27,22:18:24,-07:00,2026-04-27T22:18:24-07:00,6,36
projects/dsc106 proj2/index.html,178,html,d0a79374,asapmike,2026-04-27,22:18:24,-07:00,2026-04-27T22:18:24-07:00,0,0
projects/dsc106 proj2/index.html,179,html,d0a79374,asapmike,2026-04-27,22:18:24,-07:00,2026-04-27T22:18:24-07:00,6,2
projects/dsc106 proj2/index.html,180,html,e08baaee,asapmike,2026-04-28,18:47:49,-07:00,2026-04-28T18:47:49-07:00,8,99
projects/dsc106 proj2/index.html,181,html,e08baaee,asapmike,2026-04-28,18:47:49,-07:00,2026-04-28T18:47:49-07:00,10,98
projects/dsc106 proj2/index.html,182,html,e08baaee,asapmike,2026-04-28,18:47:49,-07:00,2026-04-28T18:47:49-07:00,10,99
projects/dsc106 proj2/index.html,183,html,e08baaee,asapmike,2026-04-28,18:47:49,-07:00,2026-04-28T18:47:49-07:00,10,92
projects/dsc106 proj2/index.html,184,html,e08baaee,asapmike,2026-04-28,18:47:49,-07:00,2026-04-28T18:47:49-07:00,8,102
projects/dsc106 proj2/index.html,185,html,e08baaee,asapmike,2026-04-28,18:47:49,-07:00,2026-04-28T18:47:49-07:00,10,96
projects/dsc106 proj2/index.html,186,html,e08baaee,asapmike,2026-04-28,18:47:49,-07:00,2026-04-28T18:47:49-07:00,10,98
projects/dsc106 proj2/index.html,187,html,e08baaee,asapmike,2026-04-28,18:47:49,-07:00,2026-04-28T18:47:49-07:00,10,52
projects/dsc106 proj2/index.html,188,html,e08baaee,asapmike,2026-04-28,18:47:49,-07:00,2026-04-28T18:47:49-07:00,8,101
projects/dsc106 proj2/index.html,189,html,e08baaee,asapmike,2026-04-28,18:47:49,-07:00,2026-04-28T18:47:49-07:00,10,97
projects/dsc106 proj2/index.html,190,html,e08baaee,asapmike,2026-04-28,18:47:49,-07:00,2026-04-28T18:47:49-07:00,10,97
projects/dsc106 proj2/index.html,191,html,e08baaee,asapmike,2026-04-28,18:47:49,-07:00,2026-04-28T18:47:49-07:00,10,7
projects/dsc106 proj2/index.html,192,html,e08baaee,asapmike,2026-04-28,18:47:49,-07:00,2026-04-28T18:47:49-07:00,8,101
projects/dsc106 proj2/index.html,193,html,e08baaee,asapmike,2026-04-28,18:47:49,-07:00,2026-04-28T18:47:49-07:00,10,97
projects/dsc106 proj2/index.html,194,html,e08baaee,asapmike,2026-04-28,18:47:49,-07:00,2026-04-28T18:47:49-07:00,10,99
projects/dsc106 proj2/index.html,195,html,e08baaee,asapmike,2026-04-28,18:47:49,-07:00,2026-04-28T18:47:49-07:00,10,51
projects/dsc106 proj2/index.html,196,html,d0a79374,asapmike,2026-04-27,22:18:24,-07:00,2026-04-27T22:18:24-07:00,6,3
projects/dsc106 proj2/index.html,197,html,d0a79374,asapmike,2026-04-27,22:18:24,-07:00,2026-04-27T22:18:24-07:00,4,8
projects/dsc106 proj2/index.html,198,html,d0a79374,asapmike,2026-04-27,22:18:24,-07:00,2026-04-27T22:18:24-07:00,0,0
projects/dsc106 proj2/index.html,199,html,d0a79374,asapmike,2026-04-27,22:18:24,-07:00,2026-04-27T22:18:24-07:00,4,7
projects/dsc106 proj2/index.html,200,html,d0a79374,asapmike,2026-04-27,22:18:24,-07:00,2026-04-27T22:18:24-07:00,6,30
projects/dsc106 proj2/index.html,201,html,d0a79374,asapmike,2026-04-27,22:18:24,-07:00,2026-04-27T22:18:24-07:00,0,0
projects/dsc106 proj2/index.html,202,html,d0a79374,asapmike,2026-04-27,22:18:24,-07:00,2026-04-27T22:18:24-07:00,6,6
projects/dsc106 proj2/index.html,203,html,d0a79374,asapmike,2026-04-27,22:18:24,-07:00,2026-04-27T22:18:24-07:00,8,38
projects/dsc106 proj2/index.html,204,html,d0a79374,asapmike,2026-04-27,22:18:24,-07:00,2026-04-27T22:18:24-07:00,10,95
projects/dsc106 proj2/index.html,205,html,e08baaee,asapmike,2026-04-28,18:47:49,-07:00,2026-04-28T18:47:49-07:00,8,101
projects/dsc106 proj2/index.html,206,html,e08baaee,asapmike,2026-04-28,18:47:49,-07:00,2026-04-28T18:47:49-07:00,10,55
projects/dsc106 proj2/index.html,207,html,d0a79374,asapmike,2026-04-27,22:18:24,-07:00,2026-04-27T22:18:24-07:00,6,7
projects/dsc106 proj2/index.html,208,html,d0a79374,asapmike,2026-04-27,22:18:24,-07:00,2026-04-27T22:18:24-07:00,0,0
projects/dsc106 proj2/index.html,209,html,d0a79374,asapmike,2026-04-27,22:18:24,-07:00,2026-04-27T22:18:24-07:00,6,36
projects/dsc106 proj2/index.html,210,html,d0a79374,asapmike,2026-04-27,22:18:24,-07:00,2026-04-27T22:18:24-07:00,0,0
projects/dsc106 proj2/index.html,211,html,d0a79374,asapmike,2026-04-27,22:18:24,-07:00,2026-04-27T22:18:24-07:00,6,2
projects/dsc106 proj2/index.html,212,html,e08baaee,asapmike,2026-04-28,18:47:49,-07:00,2026-04-28T18:47:49-07:00,8,101
projects/dsc106 proj2/index.html,213,html,e08baaee,asapmike,2026-04-28,18:47:49,-07:00,2026-04-28T18:47:49-07:00,10,99
projects/dsc106 proj2/index.html,214,html,e08baaee,asapmike,2026-04-28,18:47:49,-07:00,2026-04-28T18:47:49-07:00,10,96
projects/dsc106 proj2/index.html,215,html,e08baaee,asapmike,2026-04-28,18:47:49,-07:00,2026-04-28T18:47:49-07:00,8,101
projects/dsc106 proj2/index.html,216,html,e08baaee,asapmike,2026-04-28,18:47:49,-07:00,2026-04-28T18:47:49-07:00,10,98
projects/dsc106 proj2/index.html,217,html,e08baaee,asapmike,2026-04-28,18:47:49,-07:00,2026-04-28T18:47:49-07:00,10,95
projects/dsc106 proj2/index.html,218,html,e08baaee,asapmike,2026-04-28,18:47:49,-07:00,2026-04-28T18:47:49-07:00,10,9
projects/dsc106 proj2/index.html,219,html,e08baaee,asapmike,2026-04-28,18:47:49,-07:00,2026-04-28T18:47:49-07:00,8,103
projects/dsc106 proj2/index.html,220,html,e08baaee,asapmike,2026-04-28,18:47:49,-07:00,2026-04-28T18:47:49-07:00,10,92
projects/dsc106 proj2/index.html,221,html,e08baaee,asapmike,2026-04-28,18:47:49,-07:00,2026-04-28T18:47:49-07:00,10,100
projects/dsc106 proj2/index.html,222,html,e08baaee,asapmike,2026-04-28,18:47:49,-07:00,2026-04-28T18:47:49-07:00,10,25
projects/dsc106 proj2/index.html,223,html,e08baaee,asapmike,2026-04-28,18:47:49,-07:00,2026-04-28T18:47:49-07:00,8,98
projects/dsc106 proj2/index.html,224,html,e08baaee,asapmike,2026-04-28,18:47:49,-07:00,2026-04-28T18:47:49-07:00,10,95
projects/dsc106 proj2/index.html,225,html,e08baaee,asapmike,2026-04-28,18:47:49,-07:00,2026-04-28T18:47:49-07:00,10,95
projects/dsc106 proj2/index.html,226,html,e08baaee,asapmike,2026-04-28,18:47:49,-07:00,2026-04-28T18:47:49-07:00,10,29
projects/dsc106 proj2/index.html,227,html,d0a79374,asapmike,2026-04-27,22:18:24,-07:00,2026-04-27T22:18:24-07:00,6,3
projects/dsc106 proj2/index.html,228,html,d0a79374,asapmike,2026-04-27,22:18:24,-07:00,2026-04-27T22:18:24-07:00,4,8
projects/dsc106 proj2/index.html,229,html,d0a79374,asapmike,2026-04-27,22:18:24,-07:00,2026-04-27T22:18:24-07:00,0,0
projects/dsc106 proj2/index.html,230,html,d0a79374,asapmike,2026-04-27,22:18:24,-07:00,2026-04-27T22:18:24-07:00,4,7
projects/dsc106 proj2/index.html,231,html,d0a79374,asapmike,2026-04-27,22:18:24,-07:00,2026-04-27T22:18:24-07:00,6,23
projects/dsc106 proj2/index.html,232,html,d0a79374,asapmike,2026-04-27,22:18:24,-07:00,2026-04-27T22:18:24-07:00,0,0
projects/dsc106 proj2/index.html,233,html,e08baaee,asapmike,2026-04-28,18:47:49,-07:00,2026-04-28T18:47:49-07:00,6,105
projects/dsc106 proj2/index.html,234,html,e08baaee,asapmike,2026-04-28,18:47:49,-07:00,2026-04-28T18:47:49-07:00,8,101
projects/dsc106 proj2/index.html,235,html,e08baaee,asapmike,2026-04-28,18:47:49,-07:00,2026-04-28T18:47:49-07:00,8,97
projects/dsc106 proj2/index.html,236,html,e08baaee,asapmike,2026-04-28,18:47:49,-07:00,2026-04-28T18:47:49-07:00,8,102
projects/dsc106 proj2/index.html,237,html,e08baaee,asapmike,2026-04-28,18:47:49,-07:00,2026-04-28T18:47:49-07:00,8,103
projects/dsc106 proj2/index.html,238,html,e08baaee,asapmike,2026-04-28,18:47:49,-07:00,2026-04-28T18:47:49-07:00,8,104
projects/dsc106 proj2/index.html,239,html,e08baaee,asapmike,2026-04-28,18:47:49,-07:00,2026-04-28T18:47:49-07:00,8,101
projects/dsc106 proj2/index.html,240,html,e08baaee,asapmike,2026-04-28,18:47:49,-07:00,2026-04-28T18:47:49-07:00,8,18
projects/dsc106 proj2/index.html,241,html,e08baaee,asapmike,2026-04-28,18:47:49,-07:00,2026-04-28T18:47:49-07:00,6,105
projects/dsc106 proj2/index.html,242,html,e08baaee,asapmike,2026-04-28,18:47:49,-07:00,2026-04-28T18:47:49-07:00,8,105
projects/dsc106 proj2/index.html,243,html,e08baaee,asapmike,2026-04-28,18:47:49,-07:00,2026-04-28T18:47:49-07:00,8,99
projects/dsc106 proj2/index.html,244,html,e08baaee,asapmike,2026-04-28,18:47:49,-07:00,2026-04-28T18:47:49-07:00,8,104
projects/dsc106 proj2/index.html,245,html,e08baaee,asapmike,2026-04-28,18:47:49,-07:00,2026-04-28T18:47:49-07:00,8,103
projects/dsc106 proj2/index.html,246,html,e08baaee,asapmike,2026-04-28,18:47:49,-07:00,2026-04-28T18:47:49-07:00,8,97
projects/dsc106 proj2/index.html,247,html,e08baaee,asapmike,2026-04-28,18:47:49,-07:00,2026-04-28T18:47:49-07:00,6,104
projects/dsc106 proj2/index.html,248,html,e08baaee,asapmike,2026-04-28,18:47:49,-07:00,2026-04-28T18:47:49-07:00,8,103
projects/dsc106 proj2/index.html,249,html,e08baaee,asapmike,2026-04-28,18:47:49,-07:00,2026-04-28T18:47:49-07:00,8,99
projects/dsc106 proj2/index.html,250,html,e08baaee,asapmike,2026-04-28,18:47:49,-07:00,2026-04-28T18:47:49-07:00,8,101
projects/dsc106 proj2/index.html,251,html,e08baaee,asapmike,2026-04-28,18:47:49,-07:00,2026-04-28T18:47:49-07:00,8,104
projects/dsc106 proj2/index.html,252,html,e08baaee,asapmike,2026-04-28,18:47:49,-07:00,2026-04-28T18:47:49-07:00,8,101
projects/dsc106 proj2/index.html,253,html,e08baaee,asapmike,2026-04-28,18:47:49,-07:00,2026-04-28T18:47:49-07:00,8,30
projects/dsc106 proj2/index.html,254,html,d0a79374,asapmike,2026-04-27,22:18:24,-07:00,2026-04-27T22:18:24-07:00,4,8
projects/dsc106 proj2/index.html,255,html,d0a79374,asapmike,2026-04-27,22:18:24,-07:00,2026-04-27T22:18:24-07:00,2,5
projects/dsc106 proj2/index.html,256,html,d0a79374,asapmike,2026-04-27,22:18:24,-07:00,2026-04-27T22:18:24-07:00,0,5
projects/dsc106 proj2/index.html,257,html,d0a79374,asapmike,2026-04-27,22:18:24,-07:00,2026-04-27T22:18:24-07:00,0,0
projects/dsc106 proj2/index.html,258,html,d0a79374,asapmike,2026-04-27,22:18:24,-07:00,2026-04-27T22:18:24-07:00,0,5
contact/index.html,1,html,2c0a308f,asapmike,2026-04-02,19:37:06,-07:00,2026-04-02T19:37:06-07:00,0,13
contact/index.html,2,html,2c0a308f,asapmike,2026-04-02,19:37:06,-07:00,2026-04-02T19:37:06-07:00,0,14
contact/index.html,3,html,2c0a308f,asapmike,2026-04-02,19:37:06,-07:00,2026-04-02T19:37:06-07:00,0,0
contact/index.html,4,html,2c0a308f,asapmike,2026-04-02,19:37:06,-07:00,2026-04-02T19:37:06-07:00,0,4
contact/index.html,5,html,2c0a308f,asapmike,2026-04-02,19:37:06,-07:00,2026-04-02T19:37:06-07:00,2,20
contact/index.html,6,html,2c0a308f,asapmike,2026-04-02,19:37:06,-07:00,2026-04-02T19:37:06-07:00,2,68
contact/index.html,7,html,2c0a308f,asapmike,2026-04-02,19:37:06,-07:00,2026-04-02T19:37:06-07:00,2,20
contact/index.html,8,html,2c0a308f,asapmike,2026-04-02,19:37:06,-07:00,2026-04-02T19:37:06-07:00,2,41
contact/index.html,9,html,2c0a308f,asapmike,2026-04-02,19:37:06,-07:00,2026-04-02T19:37:06-07:00,0,5
contact/index.html,10,html,2c0a308f,asapmike,2026-04-02,19:37:06,-07:00,2026-04-02T19:37:06-07:00,0,0
contact/index.html,11,html,2c0a308f,asapmike,2026-04-02,19:37:06,-07:00,2026-04-02T19:37:06-07:00,0,4
contact/index.html,12,html,2c0a308f,asapmike,2026-04-02,19:37:06,-07:00,2026-04-02T19:37:06-07:00,2,14
contact/index.html,13,html,6246db6a,asapmike,2026-04-14,22:14:23,-07:00,2026-04-14T22:14:23-07:00,2,56
contact/index.html,14,html,2c0a308f,asapmike,2026-04-02,19:37:06,-07:00,2026-04-02T19:37:06-07:00,4,5
contact/index.html,15,html,2c0a308f,asapmike,2026-04-02,19:37:06,-07:00,2026-04-02T19:37:06-07:00,6,5
contact/index.html,16,html,2c0a308f,asapmike,2026-04-02,19:37:06,-07:00,2026-04-02T19:37:06-07:00,6,46
contact/index.html,17,html,2c0a308f,asapmike,2026-04-02,19:37:06,-07:00,2026-04-02T19:37:06-07:00,4,6
contact/index.html,18,html,2c0a308f,asapmike,2026-04-02,19:37:06,-07:00,2026-04-02T19:37:06-07:00,4,5
contact/index.html,19,html,2c0a308f,asapmike,2026-04-02,19:37:06,-07:00,2026-04-02T19:37:06-07:00,6,5
contact/index.html,20,html,bf8f6ab6,asapmike,2026-04-09,22:21:23,-07:00,2026-04-09T22:21:23-07:00,6,48
contact/index.html,21,html,2c0a308f,asapmike,2026-04-02,19:37:06,-07:00,2026-04-02T19:37:06-07:00,4,6
contact/index.html,22,html,2c0a308f,asapmike,2026-04-02,19:37:06,-07:00,2026-04-02T19:37:06-07:00,4,19
contact/index.html,23,html,2c0a308f,asapmike,2026-04-02,19:37:06,-07:00,2026-04-02T19:37:06-07:00,2,5
contact/index.html,24,html,27eec6a1,asapmike,2026-04-21,21:19:39,-07:00,2026-04-21T21:19:39-07:00,2,48
contact/index.html,25,html,2c0a308f,asapmike,2026-04-02,19:37:06,-07:00,2026-04-02T19:37:06-07:00,0,5
contact/index.html,26,html,2c0a308f,asapmike,2026-04-02,19:37:06,-07:00,2026-04-02T19:37:06-07:00,0,0
contact/index.html,27,html,2c0a308f,asapmike,2026-04-02,19:37:06,-07:00,2026-04-02T19:37:06-07:00,0,5
